Id,Label
0,Bacteroides_vulgatus
1,Roseburia_faecis
2,Ruminococcus_gnavus
3,Roseburia_intestinalis
4,Blautia_wexlerae
5,Eubacterium_eligens
6,Bacteroides_thetaiotaomicron
7,Faecalibacterium_prausnitzii
8,Coprococcus_comes
9,Ruminococcaceae_bacterium_D16
10,Streptococcus_thermophilus
11,Dialister_invisus
12,Blautia_sp_CAG_257
13,Flavonifractor_plautii
14,Lactococcus_lactis
15,Escherichia_coli
16,Firmicutes_bacterium_CAG_94
17,Turicibacter_sanguinis
18,Erysipelatoclostridium_ramosum
19,Fusicatenibacter_saccharivorans
20,Clostridium_disporicum
21,Actinomyces_sp_ICM47
22,Firmicutes_bacterium_CAG_646
23,Intestinibacter_bartlettii
24,Clostridium_spiroforme
25,Clostridium_saccharolyticum
26,Dorea_formicigenerans
27,Streptococcus_salivarius
28,Clostridium_clostridioforme
29,Clostridium_celatum
30,Streptococcus_pasteurianus
31,Eggerthella_lenta
32,Dorea_sp_CAG_317
33,Propionibacterium_freudenreichii
34,Clostridium_innocuum
35,Actinomyces_sp_oral_taxon_181
36,Streptococcus_oralis
37,Klebsiella_pneumoniae
38,Actinomyces_sp_HPA0247
39,Lachnoclostridium_sp_An118
40,Streptococcus_mitis
41,Ruthenibacterium_lactatiformans
42,Atopobium_parvulum
43,Prevotella_copri
44,Actinomyces_sp_S6_Spd3
45,Collinsella_aerofaciens
46,Romboutsia_ilealis
47,Clostridiales_bacterium_CHKCI006
48,Prevotella_sp_CAG_520
49,Eubacterium_siraeum
50,Bacteroides_uniformis
51,Prevotella_sp_CAG_279
52,Ruminococcus_bromii
53,Phascolarctobacterium_succinatutens
54,Prevotella_sp_CAG_873
55,Roseburia_inulinivorans
56,Ruminococcus_torques
57,Bacteroides_stercoris
58,Eubacterium_sp_CAG_251
59,Alistipes_inops
60,Oscillibacter_sp_57_20
61,Bacteroides_dorei
62,Lachnospira_pectinoschiza
63,Prevotella_stercorea
64,Bacteroides_caccae
65,Parabacteroides_distasonis
66,Haemophilus_parainfluenzae
67,Odoribacter_splanchnicus
68,Firmicutes_bacterium_CAG_110
69,Coprococcus_eutactus
70,Paraprevotella_xylaniphila
71,Slackia_isoflavoniconvertens
72,Bacteroides_ovatus
73,Bacteroides_sp_CAG_144
74,Clostridium_sp_CAG_58
75,Roseburia_hominis
76,Dorea_longicatena
77,Eubacterium_sp_CAG_38
78,Parabacteroides_merdae
79,Ruminococcus_lactaris
80,Gemmiger_formicilis
81,Bifidobacterium_dentium
82,Blautia_obeum
83,Firmicutes_bacterium_CAG_83
84,Desulfovibrio_piger
85,Eubacterium_rectale
86,Agathobaculum_butyriciproducens
87,Bacteroides_massiliensis
88,Parabacteroides_johnsonii
89,Veillonella_dispar
90,Veillonella_infantium
91,Veillonella_atypica
92,Bacteroides_finegoldii
93,Bifidobacterium_animalis
94,Oscillibacter_sp_CAG_241
95,Bacteroides_intestinalis
96,Anaerostipes_hadrus
97,Clostridium_perfringens
98,Catenibacterium_mitsuokai
99,Streptococcus_parasanguinis
100,Butyricimonas_virosa
101,Clostridium_sp_CAG_253
102,Eubacterium_ventriosum
103,Firmicutes_bacterium_CAG_238
104,Alistipes_finegoldii
105,Coprococcus_catus
106,Eubacterium_hallii
107,Alistipes_putredinis
108,Bacteroides_fragilis
109,Bacteroides_cellulosilyticus
110,Veillonella_sp_T11011_6
111,Eubacterium_ramulus
112,Holdemanella_biformis
113,Lawsonibacter_asaccharolyticus
114,Akkermansia_muciniphila
115,Eubacterium_sp_CAG_180
116,Bacteroides_xylanisolvens
117,Ruminococcus_bicirculans
118,Monoglobus_pectinilyticus
119,Coprobacillus_cateniformis
120,Alistipes_shahii
121,Bifidobacterium_bifidum
122,Candidatus_Gastranaerophilales_bacterium
123,Asaccharobacter_celatus
124,Eisenbergiella_tayi
125,Adlercreutzia_equolifaciens
126,Alistipes_onderdonkii
127,Ruminococcaceae_bacterium_D5
128,Hungatella_hathewayi
129,Bilophila_wadsworthia
130,Holdemania_filiformis
131,Intestinimonas_butyriciproducens
132,Gordonibacter_pamelaeae
133,Parvimonas_micra
134,Collinsella_stercoris
135,Eubacterium_sp_CAG_274
136,Anaeromassilibacillus_sp_An250
137,Flavonifractor_sp_An100
138,Ruminococcus_obeum_CAG_39
139,Collinsella_massiliensis
140,Anaerotruncus_colihominis
141,Roseburia_sp_CAG_471
142,Gemella_morbillorum
143,Collinsella_intestinalis
144,Streptococcus_milleri
145,Harryflintia_acetispora
146,Atopobium_rimae
147,Clostridium_symbiosum
148,Enterorhabdus_caecimuris
149,Firmicutes_bacterium_CAG_170
150,Bifidobacterium_adolescentis
151,Lactobacillus_salivarius
152,Methanobrevibacter_smithii
153,Coprobacter_fastidiosus
154,Bifidobacterium_scardovii
155,Streptococcus_anginosus_group
156,Bifidobacterium_longum
157,Lactobacillus_paragasseri
158,Lactobacillus_gasseri
159,Parascardovia_denticolens
160,Actinomyces_oris
161,Lactobacillus_gastricus
162,Streptococcus_mutans
163,Lactobacillus_crispatus
164,Lactobacillus_mucosae
165,Lactobacillus_delbrueckii
166,Enterococcus_faecium
167,Lactobacillus_oris
168,Lactobacillus_fermentum
169,Sanguibacteroides_justesenii
170,Prevotella_sp_CAG_755
171,Bacteroides_salyersiae
172,Barnesiella_intestinihominis
173,Bacteroides_eggerthii
174,Clostridium_sp_CAG_590
175,Ruminococcus_sp_CAG_403
176,Roseburia_sp_CAG_309
177,Parasutterella_excrementihominis
178,Roseburia_sp_CAG_182
179,Firmicutes_bacterium_CAG_95
180,Alistipes_indistinctus
181,Butyricimonas_synergistica
182,Clostridium_sp_CAG_167
183,Streptococcus_vestibularis
184,Coprobacter_secundus
185,Gemella_sanguinis
186,Clostridium_leptum
187,Oscillibacter_sp_PC13
188,Proteobacteria_bacterium_CAG_139
189,Clostridium_citroniae
190,Pseudoflavonifractor_capillosus
191,Methanosphaera_stadtmanae
192,Olsenella_scatoligenes
193,Bacteroides_faecis
194,Victivallis_vadensis
195,Phascolarctobacterium_faecium
196,Bacteroides_clarus
197,Actinomyces_odontolyticus
198,Turicimonas_muris
199,Bacteroides_nordii
200,Parabacteroides_goldsteinii
201,Clostridium_bolteae
202,Anaerotruncus_sp_CAG_528
203,Bacteroides_coprocola
204,Bacteroides_faecis_CAG_32
205,Veillonella_parvula
206,Bacteroides_plebeius
207,Oxalobacter_formigenes
208,Bifidobacterium_angulatum
209,Blastocystis_sp_subtype_1
210,Bacteroides_coprophilus
211,Prevotella_bivia
212,Allisonella_histaminiformans
213,Paraprevotella_clara
214,Sutterella_parvirubra
215,Firmicutes_bacterium_CAG_555
216,Cloacibacillus_porcorum
217,Bacteroides_pectinophilus
218,Actinomyces_sp_oral_taxon_448
219,Dialister_sp_CAG_357
220,Bacteroides_sp_CAG_633
221,Streptococcus_sobrinus
222,Acidaminococcus_fermentans
223,Klebsiella_variicola
224,Bifidobacterium_catenulatum
225,Streptococcus_gordonii
226,Enterococcus_faecalis
227,Bifidobacterium_pseudocatenulatum
228,Prevotella_sp_CAG_1185
229,Prevotella_sp_CAG_5226
230,Parabacteroides_sp_CAG_409
231,Firmicutes_bacterium_CAG_145
232,Pseudoflavonifractor_sp_An184
233,Roseburia_sp_CAG_303
234,Prevotella_sp_CAG_1092
235,Streptococcus_lutetiensis
236,Butyricicoccus_pullicaecorum
237,Absiella_dolichum
238,Eubacterium_dolichum_CAG_375
239,Tyzzerella_nexilis
240,Eisenbergiella_massiliensis
241,Clostridium_sp_CAG_242
242,Prevotella_sp_AM42_24
243,Butyrivibrio_sp_CAG_318
244,Alistipes_sp_An66
245,Haemophilus_sp_HMSC71H05
246,Megasphaera_elsdenii
247,Acidaminococcus_intestini
248,Ruminococcus_sp_CAG_330
249,Faecalitalea_cylindroides
250,Blautia_hydrogenotrophica
251,Enorma_massiliensis
252,Anaerotignum_lactatifermentans
253,Desulfovibrio_fairfieldensis
254,Prevotella_sp_CAG_1320
255,Prevotella_sp_CAG_617
256,Flavonifractor_sp_An10
257,Alistipes_timonensis
258,Clostridium_sp_CAG_299
259,Anaerofilum_sp_An201
260,Cloacibacillus_evryensis
261,Enterococcus_hirae
262,Pyramidobacter_piscolens
263,Pseudomonas_aeruginosa_group
264,Lactobacillus_johnsonii
265,Massiliomicrobiota_timonensis
266,Pyramidobacter_sp_C12_8
267,Dialister_succinatiphilus
268,Enterobacter_cloacae_complex
269,Ruminococcus_sp_CAG_488
270,Bacteroides_sp_CAG_530
271,Ruminococcus_callidus
272,Mitsuokella_jalaludinii
273,Phascolarctobacterium_sp_CAG_266
274,Butyrivibrio_crossotus
275,Dielma_fastidiosa
276,Prevotella_sp_CAG_924
277,Lactobacillus_amylovorus
278,Clostridium_sp_CAG_964
279,Lactobacillus_kefiranofaciens
280,Lactobacillus_acidophilus
281,Varibaculum_cambriense
282,Desulfovibrionaceae_bacterium
283,Citrobacter_koseri
284,Lactobacillus_rhamnosus
285,Streptococcus_sanguinis
286,Ruminococcus_sp_CAG_563
287,Prevotella_corporis
288,Mogibacterium_diversum
289,Fretibacterium_fastidiosum
290,Streptococcus_australis
291,Lactobacillus_ruminis
292,Fusobacterium_sp_CAG_439
293,Rothia_mucilaginosa
294,Eubacterium_sp_OM08_24
295,Bacteroides_sp_CAG_927
296,Lactobacillus_rogosae
297,Hafnia_paralvei
298,Hafnia_alvei
299,Bacteroides_sp_43_108
300,Clostridium_asparagiforme
301,Clostridium_lavalense
302,Lactobacillus_sakei
303,Christensenella_minuta
304,Prevotella_sp_CAG_485
305,Enterococcus_durans
306,Bacteroides_galacturonicus
307,Sellimonas_intestinalis
308,Clostridium_bolteae_CAG_59
309,Prevotella_sp_CAG_1031
310,Clostridium_sp_CAG_413
311,Bacteroides_sp_CAG_598
312,Mitsuokella_multacida
313,Megasphaera_sp_DISK_18
314,Klebsiella_quasipneumoniae
315,Alloscardovia_omnicolens
316,Streptococcus_infantis
317,Streptococcus_sp_A12
318,Clostridium_hylemonae
319,Firmicutes_bacterium_CAG_534
320,Ruminococcus_champanellensis
321,Actinomyces_graevenitzii
322,Megamonas_hypermegale
323,Prevotella_sp_885
324,Firmicutes_bacterium_CAG_791
325,Bacteroides_sp_CAG_462
326,Lactobacillus_vaginalis
327,Escherichia_marmotae
328,Brachyspira_sp_CAG_700
329,Clostridium_sp_CAG_510
330,Prevotella_disiens
331,Actinomyces_turicensis
332,Bacteroides_fluxus
333,Fusobacterium_mortiferum
334,Prevotella_melaninogenica
335,Neisseria_flavescens
336,Megasphaera_micronuciformis
337,Prevotella_histicola
338,Prevotella_pallens
339,Oribacterium_sinus
340,Neisseria_perflava
341,Streptococcus_sp_HMSC034E03
342,Prevotella_jejuni
343,Prevotella_salivae
344,Prevotella_buccae
345,Corynebacterium_glucuronolyticum
346,Weissella_confusa
347,Actinomyces_sp_HMSC035G02
348,Fusobacterium_nucleatum
349,Eubacterium_sulci
350,Clostridium_paraputrificum
351,Helicobacter_cinaedi
352,Streptococcus_infantarius
353,Prevotella_buccalis
354,Finegoldia_magna
355,Megamonas_funiformis
356,Cutibacterium_granulosum
357,Alloprevotella_tannerae
358,Campylobacter_jejuni
359,Vibrio_cholerae
360,Helicobacter_fennelliae
361,Streptococcus_gallolyticus
362,Haemophilus_influenzae
363,Staphylococcus_haemolyticus
364,Kocuria_palustris
365,Staphylococcus_arlettae
366,Morganella_morganii
367,Clostridium_butyricum
368,Lawsonella_clevelandensis
369,Bifidobacterium_kashiwanohense
370,Fusobacterium_naviforme
371,Prevotella_timonensis
372,Bacteroides_coagulans
373,Negativicoccus_succinicivorans
374,Anaerococcus_vaginalis
375,Peptoniphilus_harei
376,Anaerococcus_prevotii
377,Porphyromonas_sp_HMSC065F10
378,Facklamia_hominis
379,Peptococcus_niger
380,Corynebacterium_sp_NML130628
381,Peptoniphilus_sp_HMSC062D09
382,Actinomyces_europaeus
383,Bifidobacterium_breve
384,Peptoniphilus_duerdenii
385,Mobiluncus_curtisii
386,Porphyromonas_asaccharolytica
387,Prevotella_bergensis
388,Corynebacterium_sp_NML140438
389,Anaerococcus_hydrogenalis
390,[Collinsella]_massiliensis
391,Atopobium_minutum
392,Acinetobacter_indicus
393,Klebsiella_michiganensis
394,Klebsiella_oxytoca
395,Enterococcus_raffinosus
396,Enterococcus_avium
397,Cutibacterium_avidum
398,Corynebacterium_amycolatum
399,Staphylococcus_hominis
400,Staphylococcus_epidermidis
401,Megasphaera_sp_MJR8396C
402,Corynebacterium_tuberculostearicum
403,Enterococcus_gallinarum
404,Corynebacterium_kefirresidentii
405,Malassezia_globosa
406,Corynebacterium_pseudogenitalium
407,Clostridium_neonatale
408,Anaerococcus_octavius
409,Acidaminococcus_sp_CAG_542
410,Dialister_pneumosintes
411,Kocuria_indica
412,Anaerococcus_nagyae
413,Campylobacter_ureolyticus
414,Kocuria_rhizophila
415,Lactobacillus_iners
416,Dermacoccus_sp_PE3
417,Micrococcus_luteus
418,Corynebacterium_lipophiloflavum
419,Porphyromonas_uenonis
420,Plesiomonas_shigelloides
421,Bifidobacterium_ruminantium
422,Actinomyces_radingae
423,Kytococcus_sedentarius
424,Lactobacillus_saerimneri
425,Rothia_aeria
426,Corynebacterium_matruchotii
427,Streptococcus_sp_F0442
428,Haemophilus_parahaemolyticus
429,Staphylococcus_aureus
430,Anoxybacillus_flavithermus
431,Dermabacter_hominis
432,Corynebacterium_aurimucosum
433,Gemella_haemolysans
434,Campylobacter_hominis
435,Peptoniphilus_lacrimalis
436,Peptoniphilus_sp_BV3C26
437,Peptostreptococcus_anaerobius
438,Cutibacterium_acnes
439,Fusobacterium_sp_oral_taxon_370
440,Actinomyces_sp_oral_taxon_897
441,Anaeroglobus_geminatus
442,Gemella_asaccharolytica
443,Corynebacterium_kroppenstedtii
444,Anaerobiospirillum_thomasii
445,Peptoniphilus_sp_DNF00840
446,Brachyspira_pilosicoli
447,Helicobacter_sp_11_8110
448,Megamonas_funiformis_CAG_377
449,Neisseria_sicca
450,Neisseria_mucosa
451,Escherichia_albertii
452,Haemophilus_haemolyticus
453,Aggregatibacter_segnis
454,Granulicatella_adiacens
455,Arcobacter_butzleri
456,Citrobacter_freundii
457,Comamonas_aquatica
458,Aeromonas_caviae
459,Citrobacter_youngae
460,Acinetobacter_johnsonii
461,Microvirgula_aerodenitrificans
462,Comamonas_thiooxydans
463,Citrobacter_werkmanii
464,Shewanella_algae
465,Acinetobacter_ursingii
466,Comamonas_testosteroni
467,Citrobacter_portucalensis
468,Acinetobacter_bereziniae
469,Enterococcus_cecorum
470,Acinetobacter_schindleri
471,Acinetobacter_towneri
472,Helicobacter_pylori
473,Comamonas_kerstersii
474,Treponema_succinifaciens
475,Clostridium_sp_CAG_632
476,Clostridium_ventriculi
477,Helicobacter_winghamensis
478,Bacillus_cereus_group
479,Streptococcus_macedonicus
480,Cronobacter_sakazakii
481,Klebsiella_aerogenes
482,Enterobacter_mori
483,Treponema_berlinense
484,Haemophilus_pittmaniae
485,Dialister_micraerophilus
486,Eubacterium_coprostanoligenes
487,Corynebacterium_resistens
488,Corynebacterium_pyruviciproducens
489,Veillonella_rogosae
490,Leptotrichia_wadei
491,Morococcus_cerebrosus
492,Veillonella_rodentium
493,Veillonella_tobetsuensis
494,Prevotella_colorans
495,Prevotella_sp_S7_1_8
496,Granulicatella_elegans
497,Parvimonas_sp_KA00067
498,Sneathia_amnii
499,Leuconostoc_garlicum
500,Cetobacterium_somerae
501,Hungatella_effluvii
502,Veillonella_sp_CAG_933
503,Blautia_coccoides
504,Clostridioides_difficile
505,Corynebacterium_sp_HMSC08A12
506,Corynebacterium_accolens
507,Corynebacterium_jeikeium
508,Campylobacter_coli
509,Campylobacter_upsaliensis
510,Lactobacillus_curvatus
511,Leuconostoc_mesenteroides
512,Rothia_dentocariosa
513,Streptococcus_cristatus
514,Actinobaculum_sp_oral_taxon_183
515,Actinomyces_johnsonii
516,Eubacterium_brachy
517,Cardiobacterium_valvarum
518,Lactobacillus_plantarum
519,Leuconostoc_pseudomesenteroides
520,Lactobacillus_otakiensis
521,Lactococcus_petauri
522,Aeriscardovia_aeriphila
523,Enterococcus_pseudoavium
524,Catabacter_hongkongensis
525,Bacteroides_sp_D2
526,Clostridium_scindens
527,Haemophilus_sputorum
528,Bacteroides_faecichinchillae
529,Lachnoclostridium_sp_An14
530,Lachnoclostridium_sp_An138
531,Actinomyces_naeslundii
532,Enterococcus_italicus
533,Denitrobacterium_detoxificans
534,Olsenella_profusa
535,Solobacterium_moorei
536,Anaeromassilibacillus_sp_An172
537,Saccharomyces_cerevisiae
538,Terrisporobacter_othiniensis
539,Lactobacillus_pontis
540,Abiotrophia_sp_HMSC24B09
541,Streptococcus_sp_M334
542,Clostridium_aldenense
543,Clostridium_sp_7_2_43FAA
544,Lactococcus_garvieae
545,Propionibacterium_acidifaciens
546,Blautia_producta
547,Streptococcus_sp_NLAE_zl_C503
548,Actinomyces_massiliensis
549,Pseudopropionibacterium_propionicum
550,Lactonifactor_longoviformis
551,Rikenella_microfusus
552,Clostridium_sp_D5
553,Faecalicatena_orotica
554,Anaerofustis_stercorihominis
555,Clostridium_methylpentosum
556,Eubacteriaceae_bacterium_CHKCI005
557,Fusobacterium_varium
558,Pediococcus_acidilactici
559,Olsenella_uli
560,Citrobacter_braakii
561,Actinomyces_sp_oral_taxon_180
562,Streptococcus_sp_HPH0090
563,Scardovia_wiggsiae
564,Mogibacterium_timidum
565,Atopobium_deltae
566,Clostridium_sp_CAG_411
567,Sharpea_azabuensis
568,Fusobacterium_equinum
569,Fusobacterium_gonidiaformans
570,Bacteroides_sp_CAG_443
571,Actinomyces_cardiffensis
572,Peptostreptococcus_stomatis
573,Eubacterium_limosum
574,Ruminococcus_sp_CAG_624
575,Eubacterium_callanderi
576,Butyribacterium_methylotrophicum
577,Tetragenococcus_halophilus
578,Weissella_viridescens
579,Eubacterium_sp_An11
580,Firmicutes_bacterium_CAG_424
581,Corynebacterium_durum
582,Streptococcus_agalactiae
583,Lactobacillus_antri
584,Actinomyces_hongkongensis
585,Actinomyces_sp_oral_taxon_414
586,Gemella_bergeri
587,Streptococcus_pseudopneumoniae
588,Eubacterium_infirmum
589,Staphylococcus_equorum
590,Corynebacterium_casei
591,Clostridiales_bacterium_1_7_47FAA
592,Desulfovibrio_sp_An276
593,Streptococcus_downei
594,Alcaligenes_aquatilis
595,Stenotrophomonas_maltophilia
596,Proteus_vulgaris
597,Leuconostoc_suionicum
598,Neisseria_subflava
599,Odoribacter_laneus
600,Lactobacillus_animalis
601,Bifidobacterium_pseudolongum
602,Faecalicoccus_pleomorphus
603,Citrobacter_sp_MGH106
604,Megasphaera_hexanoica
605,Lachnoanaerobaculum_saburreum
606,Bacillus_aerius
607,Blautia_hansenii
608,Lactobacillus_helveticus
609,Raoultella_planticola
610,Actinomyces_georgiae
611,Oribacterium_parvum
612,Fusobacterium_periodonticum
613,Peptostreptococcus_sp_MV1
614,Parvimonas_sp_oral_taxon_393
615,Abiotrophia_defectiva
616,Prevotella_intermedia
617,Stomatobaculum_longum
618,Bifidobacterium_pullorum
619,Bifidobacterium_saeculare
620,Bifidobacterium_gallinarum
621,Muribaculum_intestinale
622,Streptococcus_parauberis
623,Enterococcus_casseliflavus
624,Actinomyces_viscosus
625,Enterococcus_devriesei
626,Lactobacillus_sanfranciscensis
627,Leuconostoc_lactis
628,Streptococcus_sp_HMSC071D03
629,Bulleidia_extructa
630,Lachnospiraceae_bacterium_oral_taxon_096
631,Alcaligenes_faecalis
632,Rhodococcus_qingshengii
633,Anaerostipes_caccae
634,Corynebacterium_argentoratense
635,Prevotella_sp_CAG_891
636,Weissella_cibaria
637,Leuconostoc_carnosum
638,Staphylococcus_succinus
639,Alistipes_sp_An31A
640,Staphylococcus_sp_NAM3COL9
641,Streptococcus_viridans
642,Lachnoanaerobaculum_umeaense
643,Cardiobacterium_hominis
644,Mogibacterium_pumilum
645,Campylobacter_gracilis
646,Eubacterium_minutum
647,Staphylococcus_carnosus
648,Pediococcus_pentosaceus
649,Blautia_sp_An249
650,Erysipelothrix_larvae
651,Scardovia_inopinata
652,Eubacterium_saphenum
653,Rhodococcus_erythropolis
654,Lactobacillus_ultunensis
655,Blautia_sp_N6H1_15
656,Streptococcus_peroris
657,Lachnospiraceae_bacterium_2_1_46FAA
658,Enterococcus_dispar
659,Lactobacillus_mindensis
660,Lachnoclostridium_sp_An131
661,Staphylococcus_saprophyticus
662,Lactobacillus_brevis
663,Lactobacillus_senmaizukei
664,Fusobacterium_necrophorum
665,Lactobacillus_reuteri
666,Ruminococcus_sp_CAG_579
667,Lactobacillus_parabuchneri
668,Candida_albicans
669,Lactococcus_raffinolactis
670,Actinomyces_sp_oral_taxon_170
671,Porphyromonas_gingivalis
672,Leptotrichia_sp_oral_taxon_215
673,Eikenella_corrodens
674,Streptococcus_pneumoniae
675,Gardnerella_vaginalis
676,Subdoligranulum_variabile
677,Prevotella_denticola
678,Clostridium_sp_chh4_2
679,Prevotella_nigrescens
680,Slackia_exigua
681,Selenomonas_sputigena
682,Prevotella_oris
683,Leptotrichia_sp_oral_taxon_212
684,Murimonas_intestini
685,Streptococcus_massiliensis
686,Streptococcus_sp_HMSC070B10
687,Leptotrichia_hofstadii
688,Lactobacillus_kalixensis
689,Lactobacillus_kefiri
690,Carnobacterium_divergens
691,Eubacterium_nodatum
692,Pediococcus_sp
693,Pediococcus_parvulus
694,Lactobacillus_buchneri
695,Actinomyces_radicidentis
696,Raoultella_ornithinolytica
697,Chlamydia_ibidis
698,Treponema_porcinum
699,Prevotella_sp_P3_122
700,Lactobacillus_versmoldensis
701,Staphylococcus_warneri
702,Actinomyces_meyeri
703,Marvinbryantia_formatexigens
704,Kluyvera_intestini
705,Corynebacterium_variabile
706,Kosakonia_sp_S29
707,Veillonella_denticariosi
708,Desulfovibrio_vulgaris
709,Selenomonas_noxia
710,Eggerthia_catenaformis
711,Kingella_oralis
712,Citrobacter_pasteurii
713,Fusobacterium_ulcerans
714,Staphylococcus_xylosus
715,Lachnoclostridium_sp_An169
716,Campylobacter_concisus
717,Brevibacterium_aurantiacum
718,Brevibacterium_linens
719,Lactobacillus_apis
720,Anaerostipes_sp_494a
721,Lactobacillus_kullabergensis
722,Lactobacillus_kimbladii
723,Parabacteroides_gordonii
724,Escherichia_fergusonii
725,Lactobacillus_panis
726,Citrobacter_amalonaticus
727,Aeromonas_media
728,Proteus_mirabilis
729,Kluyvera_georgiana
730,Enterobacter_bugandensis
731,Bacteroides_caecimuris
732,Leclercia_adecarboxylata
733,Kosakonia_pseudosacchari
734,Lactobacillus_agilis
735,Citrobacter_farmeri
736,Providencia_rettgeri
737,Porphyromonas_endodontalis
738,Desulfovibrio_legallii
739,Pluralibacter_gergoviae
740,Prevotella_sp_oral_taxon_473
741,Streptococcus_salivarius_CAG_79
742,Candidatus_Gastranaerophilales_bacterium_HUM_9
743,Lactobacillus_acidipiscis
744,Eubacterium_sp_CAG_786
745,Pantoea_dispersa
746,Prevotella_sp_F0091
747,Prevotella_sp_oral_taxon_376
748,Pseudoramibacter_alactolyticus
749,Lactobacillus_helsingborgensis
750,Leuconostoc_gelidum
751,Lactococcus_piscium
752,Candidatus_Stoquefichus_sp_KLE1796
753,Clostridium_hiranonis
754,Leuconostoc_citreum
755,Gemmiger_sp_An50
756,Gemmiger_sp_An87
757,Salmonella_enterica
758,Paeniclostridium_sordellii
759,Kosakonia_cowanii
760,Trueperella_bernardiae
761,Anaerococcus_lactolyticus
762,Campylobacter_showae
763,Actinotignum_timonense
764,Peptoniphilus_coxii
765,Sporanaerobacter_sp_PP17_6a
766,Lactobacillus_fuchuensis
767,Actinotignum_schaalii
768,Veillonellaceae_bacterium_DNF00626
769,Mageeibacillus_indolicus
770,Weissella_koreensis
771,Lactobacillus_paraplantarum
772,Pantoea_agglomerans
773,Pantoea_vagans
774,Dysgonomonas_mossii
775,Clostridium_cadaveris
776,Anaerosporobacter_mobilis
777,Robinsoniella_sp_RHS
778,Atopobium_vaginae
779,Cellulosilyticum_lentocellum
780,Clostridium_sp_CAG_678
781,Lactobacillus_algidus
782,Bacteroides_oleiciplenus
783,Roseburia_sp_831b
784,Escherichia_sp_ESNIH1
785,Serratia_marcescens
786,Pseudomonas_helleri
787,Prevotella_sp_oral_taxon_299
788,Neisseria_bacilliformis
789,Serratia_fonticola
790,Kluyvera_ascorbata
791,Serratia_liquefaciens
792,Enterobacter_soli
793,Paenibacillus_macerans
794,Ralstonia_pickettii
795,Streptococcus_sp_SK643
796,Coprobacter_sp
797,Pseudomonas_fragi
798,Atlantibacter_hermannii
799,Enterococcus_sp_3H8_DIV0648
800,Enterococcus_gilvus
801,Prevotella_veroralis
802,Shuttleworthia_satelles
803,Prevotella_sp_oral_taxon_306
804,Proteus_hauseri
805,Alloprevotella_rava
806,Serratia_ureilytica
807,Aggregatibacter_aphrophilus
808,Oribacterium_asaccharolyticum
809,Clostridium_baratii
810,Neisseria_sp_oral_taxon_014
811,Selenomonas_sp_oral_taxon_138
812,Paenibacillus_lactis
813,Lautropia_mirabilis
814,Tannerella_sp_oral_taxon_HOT_286
815,Providencia_alcalifaciens
816,Haemophilus_paraphrohaemolyticus
817,Parvimonas_sp_oral_taxon_110
818,Barnesiella_sp_An22
819,Bacteroides_sp_OM08_11
820,Dorea_sp_D27
821,Lachnoclostridium_sp_An181
822,Pseudoflavonifractor_sp_An85
823,Acinetobacter_lwoffii
824,Micrococcus_lylae
825,Pararheinheimera_mesophila
826,Porphyromonas_somerae
827,Bacteroides_stercorirosoris
828,Moraxella_osloensis
829,Enhydrobacter_aerosaccus
830,Micrococcus_aloeverae
831,Veillonella_seminalis
832,Arthrospira_platensis
833,Candidatus_Methanomassiliicoccus_intestinalis
834,Prevotella_dentalis
835,Aeromonas_hydrophila
836,Aeromonas_dhakensis
837,Actinomyces_urogenitalis
838,Enterococcus_thailandicus
839,Lactobacillus_vaccinostercus
840,Klebsiella_variicola_CAG_634
841,Prevotella_amnii
842,Cronobacter_malonaticus
843,Pseudomonas_guguanensis
844,Lactobacillus_jensenii
845,Aggregatibacter_sp_oral_taxon_458
846,Anaerocolumna_aminovalerica
847,Clostridium_sporogenes
848,Clostridium_botulinum
849,Bacteroidales_bacterium_KA00251
850,Clostridium_celerecrescens
851,Dysgonomonas_gadei
852,Frigoribacterium_sp_Leaf8
853,Clostridium_sp_MSTE9
854,Treponema_lecithinolyticum
855,Flavonifractor_sp_An306
856,Prevotella_oralis
857,Proteus_penneri
858,Wohlfahrtiimonas_chitiniclastica
859,Kluyvera_cryocrescens
860,Bacteroides_sp_CAG_661
861,Prevotella_oulorum
862,Neisseria_cinerea
863,Corynebacterium_oculi
864,Kosakonia_sacchari
865,Dysgonomonas_sp_37_18
866,Obesumbacterium_proteus
867,Bacteroides_sartorii
868,Aerococcus_urinaeequi
869,Thermoleophilum_album
870,Bacteroidetes_oral_taxon_274
871,Citrobacter_europaeus
872,Bifidobacterium_asteroides
873,Yersinia_frederiksenii
874,Enterococcus_asini
875,Bavariicoccus_seileri
876,Enterococcus_mundtii
877,Anaerostipes_sp_992a
878,Lachnoclostridium_sp_An298
879,Corynebacterium_callunae
880,Methanobrevibacter_arboriphilus
881,Brachybacterium_alimentarium
882,Bacteroides_heparinolyticus
883,Bacteroides_sp_OM05_12
884,Methanobacterium_formicicum
885,Succinatimonas_hippei
886,Actinobaculum_massiliense
887,Lactobacillus_pentosus
888,Aspergillus_cristatus
889,Bifidobacterium_choerinum
890,Selenomonas_artemidis
891,Lactobacillus_harbinensis
892,Kosakonia_oryzendophytica
893,Bacteroidetes_bacterium_oral_taxon_272
894,Eikenella_sp_NML130454
895,Bacillus_clausii
896,Bacillus_rhizosphaerae
897,Enterococcus_malodoratus
898,Prevotella_multiformis
899,Clostridium_cocleatum
900,Paraclostridium_bifermentans
901,Kocuria_kristinae
902,Paenibacillus_aquistagni
903,Microbacterium_hominis
904,Corynebacterium_striatum
905,Oligella_urethralis
906,Prevotella_multisaccharivorax
907,Pseudoglutamicibacter_albus
908,Corynebacterium_riegelii
909,Pseudoglutamicibacter_cumminsii
910,Peptoniphilus_grossensis
911,Brevibacterium_ravenspurgense
912,Corynebacterium_freneyi
913,Facklamia_ignava
914,Corynebacterium_urealyticum
915,Ochrobactrum_anthropi
916,Methanobrevibacter_oralis
917,Corynebacterium_flavescens
918,Butyricicoccus_porcorum
919,Lactobacillus_sucicola
920,Candida_tropicalis
921,Corynebacterium_imitans
922,Streptococcus_sp_HMSC067H01
923,Lactobacillus_gallinarum
924,Eubacterium_yurii
925,Lactobacillus_dextrinicus
926,Bacillus_thermoamylovorans
927,Listeria_innocua
928,Actinomyces_neuii
929,Tyzzerella_sp_An114
930,Leptotrichia_sp_oral_taxon_879
931,Leptotrichia_sp_oral_taxon_225
932,Bacillus_coagulans
933,Serratia_rubidaea
934,Lactobacillus_coryniformis
935,Weissella_paramesenteroides
936,Lactobacillus_parafarraginis
937,Pseudescherichia_vulneris
938,Gordonia_jacobaea
939,Agrobacterium_tumefaciens
940,Sphingomonas_sp_67_41
941,Propionibacterium_namnetense
942,Malassezia_restricta
943,Kosakonia_oryzae
944,Prevotella_sp_CAG_1058
945,Jonquetella_anthropi
946,Centipeda_periodontii
947,Streptococcus_sinensis
948,Parabacteroides_sp_426_9
949,Megamonas_rupellensis
950,Methanobrevibacter_woesei
951,Megasphaera_stantonii
952,Haemophilus_quentini
953,Methanosphaera_sp_SHI1033
954,Prevotella_sp_CAG_1124
955,Streptococcus_sp_oral_taxon_056
956,Gemmiger_sp_An194
957,Tropheryma_whipplei
958,Helicobacter_pullorum
959,Streptococcus_sp_oral_taxon_058
960,Gemmiger_sp_An120
961,Macrococcus_caseolyticus
962,Citrobacter_sp_50677481
963,Neisseria_elongata
964,Aeromonas_veronii
965,Eubacterium_sp_68_3_10
966,Lactobacillus_equicursoris
967,Pseudomonas_putida_group
968,Pseudocitrobacter_faecalis
969,Clostridium_sp_SY8519
970,Cronobacter_dublinensis
971,Pediococcus_stilesii
972,Lactobacillus_senioris
973,Mitsuokella_sp_oral_taxon_131
974,Eubacterium_maltosivorans
975,Corynebacterium_vitaeruminis
976,Anaerolineaceae_bacterium_oral_taxon_439
977,Oribacterium_sp_oral_taxon_078
978,Bifidobacterium_moukalabense
979,Melissococcus_sp_OM08_11BH
980,Terrisporobacter_glycolicus
981,Enterococcus_sulfureus
982,Bacillus_haynesii
983,Lactobacillus_farciminis
984,Parabacteroides_chinchillae
985,Mycoplasma_bovis
986,Megasphaera_cerevisiae
987,Arcobacter_cryaerophilus
988,Chryseobacterium_sp_VAUSW3
989,Alkalibacterium_thalassium
990,Methanosphaera_cuniculi
991,Weissella_halotolerans
992,Lactobacillus_murinus
993,Enterobacter_sp_638
994,Barnesiella_viscericola
995,Bacteroides_salanitronis
996,Bacillus_sp_FJAT_27916
997,Lachnoclostridium_sp_An196
998,Cloacibacillus_sp_An23
999,Desulfovibrio_sp_MES5
1000,Alistipes_sp_CHKCI003
1001,Lactobacillus_alimentarius
1002,Corynebacterium_glutamicum
1003,Paracoccus_sanguinis
1004,Lactobacillus_coleohominis
1005,Enterobacter_sp_FS01
1006,Raoultella_terrigena
1007,Phascolarctobacterium_sp
1008,Bacteroides_sp_An322
1009,Serratia_ficaria
1010,Schwartzia_succinivorans
1011,Streptococcus_equinus
1012,Barnesiella_sp_An55
1013,Dickeya_chrysanthemi
1014,Dickeya_fangzhongdai
1015,Alistipes_sp_CAG_831
1016,Giardia_intestinalis
1017,Entamoeba_dispar
1018,Entamoeba_histolytica
1019,Pedobacter_himalayensis
1020,Lachnoclostridium_sp_An76
1021,Mucispirillum_schaedleri
1022,Candidatus_Methanomethylophilus_sp_1R26
1023,Eubacterium_pyruvativorans
1024,Staphylococcus_simulans
1025,Carnobacterium_maltaromaticum
1026,Fusobacterium_hwasookii
1027,Methanomassiliicoccales_archaeon_RumEn_M1
1028,Muribaculaceae_bacterium_DSM_103720
1029,Staphylococcus_vitulinus
1030,Providencia_rustigianii
1031,Veillonella_criceti
1032,Pantoea_anthophila
1033,Lactobacillus_nodensis
1034,Megasphaera_sp_BV3C16_1
1035,Flavonifractor_sp_An82
1036,Bacteroides_graminisolvens
1037,Acinetobacter_pittii
1038,Pseudomonas_versuta
1039,Selenomonas_sp_oral_taxon_920
1040,Criibacterium_bergeronii
1041,Tissierellia_bacterium_KA00581
1042,Acetatifactor_muris
1043,Clavibacter_michiganensis
1044,Cloacibacterium_normanense
1045,Acinetobacter_junii
1046,Acidovorax_caeni
1047,Staphylococcus_pasteuri
1048,Pseudomonas_lundensis
1049,Streptococcus_suis
1050,Hydrogenibacillus_schlegelii
1051,Limnochorda_pilosa
1052,Paludisphaera_borealis
1053,Kouleothrix_aurantiaca
1054,Franconibacter_helveticus
1055,Acholeplasma_oculi
1056,Peptoniphilus_asaccharolyticus
1057,Romboutsia_hominis
1058,Mediterranea_sp_An20
1059,Acinetobacter_idrijaensis
1060,Oenococcus_oeni
1061,Klebsiella_quasivariicola
1062,Phyllobacterium_myrsinacearum
1063,Vagococcus_lutrae
1064,Mycoplasma_hominis
1065,Citrobacter_gillenii
1066,Acinetobacter_parvus
1067,Pyrococcus_yayanosii
1068,Synergistes_jonesii
1069,Streptococcus_pyogenes
1070,Lactobacillus_pantheris
1071,Vibrio_kanaloae
1072,Lactobacillus_kitasatonis
1073,Vibrio_fluvialis
1074,Halomonas_boliviensis
1075,Xanthomonas_phaseoli
1076,Mycolicibacterium_obuense
1077,Sphingopyxis_granuli
1078,Bosea_vaviloviae
1079,Stenotrophomonas_rhizophila
1080,Kocuria_marina
1081,Microlunatus_phosphovorus
1082,Sphingopyxis_terrae
1083,Fusobacterium_necrogenes
1084,Neisseria_macacae
1085,Ileibacterium_valens
1086,Leuconostoc_kimchii
1087,Pseudoalteromonas_tetraodonis
1088,Meiothermus_silvanus
1089,Pseudoalteromonas_undina
1090,Pseudoalteromonas_nigrifaciens
1091,Providencia_stuartii
1092,Clostridium_argentinense
1093,Lachnoclostridium_phytofermentans
1094,Bacteroides_xylanolyticus
1095,Staphylococcus_sciuri
1096,Staphylococcus_gallinarum
1097,Staphylococcus_kloosii
1098,Bacillus_megaterium
1099,Prauserella_sp_Am3
1100,Bacillus_stratosphericus
1101,Bacillus_altitudinis
1102,Staphylococcus_capitis
1103,Aerococcus_viridans
1104,Bacteroides_pyogenes
1105,Selenomonas_sp_FOBRC6
1106,Selenomonas_flueggei
1107,Leptotrichia_sp_oral_taxon_847
1108,Lactobacillus_ingluviei
1109,Helicobacter_equorum
1110,Selenomonas_sp_oral_taxon_892
1111,Aeromonas_allosaccharophila
1112,Campylobacter_curvus
1113,Selenomonas_sp_oral_taxon_126
1114,Prevotella_scopos
1115,Campylobacter_mucosalis
1116,Leptotrichia_sp_oral_taxon_498
1117,Ottowia_sp_oral_taxon_894
1118,Agitococcus_lubricus
1119,Leptotrichia_buccalis
1120,Campylobacter_rectus
1121,Prevotella_baroniae
1122,Selenomonas_infelix
1123,Capnocytophaga_gingivalis
1124,Romboutsia_lituseburensis
1125,Haemophilus_aegyptius
1126,Kosakonia_radicincitans
1127,Porphyromonas_sp_oral_taxon_278
1128,Oenococcus_alcoholitolerans
1129,Capnocytophaga_sputigena
1130,Neisseria_polysaccharea
1131,Treponema_socranskii
1132,Treponema_denticola
1133,Tannerella_forsythia
1134,Treponema_maltophilum
1135,Tannerella_sp_oral_taxon_808
1136,Staphylococcus_argenteus
1137,Prevotella_marshii
1138,Bifidobacterium_merycicum
1139,Pseudomonas_fluorescens_group
1140,Variovorax_paradoxus
1141,Pseudomonas_yamanorum
1142,Mesorhizobium_sp_UASWS1009
1143,Chryseobacterium_scophthalmum
1144,Chlorogloea_sp_CCALA_695
1145,Methylorubrum_populi
1146,Lysinibacillus_sp_B2A1
1147,Zymomonas_mobilis
1148,Enterococcus_phoeniculicola
1149,Ralstonia_insidiosa
1150,Eikenella_sp_NML02_A_017
1151,Pasteurella_canis
1152,Desulfomicrobium_orale
1153,Flavobacterium_sp_FEMGT703F
1154,Sediminibacterium_sp_FEMGT703S
1155,Tychonema_bourrellyi
1156,Tepidimonas_fonticaldi
1157,Acetivibrio_ethanolgignens
1158,Lactobacillus_intestinalis
1159,Vagococcus_teuberi
1160,Filifactor_alocis
1161,Peptoanaerobacter_stomatis
1162,Catonella_morbi
1163,Moraxella_catarrhalis
1164,Klebsiella_grimontii
1165,Treponema_vincentii
1166,Enterococcus_canis
1167,Treponema_medium
1168,Serratia_proteamaculans
1169,Treponema_sp_OMZ_838
1170,Thermus_scotoductus
1171,Photobacterium_damselae
1172,Dolosigranulum_pigrum
1173,Edwardsiella_tarda
1174,Aerococcus_christensenii
1175,Lelliottia_jeotgali
1176,Corynebacterium_simulans
1177,Kluyvera_intermedia
1178,Phytobacter_ursingii
1179,Paraburkholderia_tropica
1180,Prevotella_sp_MGM2
1181,Elizabethkingia_anophelis
1182,Rahnella_aquatilis
1183,Rodentibacter_heylii
1184,Vibrio_furnissii
1185,Weissella_minor
1186,Porphyromonas_canoris
1187,Bifidobacterium_thermacidophilum
1188,Pantoea_brenneri
1189,Pseudomonas_simiae
1190,Anaerococcus_tetradius
1191,Lactococcus_plantarum
1192,Bifidobacterium_mongoliense
1193,Sodalis_praecaptivus
1194,Eremococcus_coleocola
1195,Leucobacter_sp_7_1
1196,Leucobacter_komagatae
1197,Desulfotomaculum_ruminis
1198,Methanobacterium_sp_MB1
1199,Haemophilus_sp_C1
1200,Weissella_hellenica
1201,Corynebacterium_pseudodiphtheriticum
1202,Lactobacillus_crustorum
1203,Alkaliphilus_oremlandii
1204,Paenibacillus_polysaccharolyticus
1205,Lactobacillus_frumenti
1206,Geobacillus_stearothermophilus
1207,Corynebacterium_falsenii
1208,Mycobacterium_avium
1209,Oligella_ureolytica
1210,Paenibacillus_sp_7884_2
