,sample_equiv
train_0,MMPD79900020ST
train_1,MMPD17444064ST
train_2,MMPD15187820ST
train_3,MMPD89180418ST
train_4,MMPD25043039ST
train_5,MMPD27380896ST
train_6,MMPD91702294ST
train_7,MMPD37460080ST
train_8,MMPD60018995ST
train_9,MMPD29762767ST
train_10,MMPD27744413ST
train_11,MMPD19623701ST
train_12,MMPD16704201ST
train_13,MMPD24188488ST
train_14,MMPD23066988ST
train_15,MMPD41403504ST
train_16,MMPD45281271ST
train_17,MMPD21946553ST
train_18,MMPD15249256ST
train_19,MMPD79688031ST
train_20,MMPD37940420ST
train_21,MMPD29951127ST
train_22,MMPD23212378ST
train_23,MMPD91893113ST
train_24,MMPD76778172ST
train_25,MMPD33788863ST
train_26,MMPD19218411ST
train_27,MMPD33826006ST
train_28,MMPD56131850ST
train_29,MMPD44591718ST
train_30,MMPD65722427ST
train_31,MMPD52850328ST
train_32,MMPD59466593ST
train_33,MMPD50836218ST
train_34,MMPD19359459ST
train_35,MMPD45969642ST
train_36,MMPD13674240ST
train_37,MMPD91172559ST
train_38,MMPD34227989ST
train_41,MMPD34845324ST
train_43,MMPD69225512ST
train_44,MMPD93172239ST
train_46,LD.Run2.03
train_47,LD.Run2.04
train_48,LD.Run2.26
train_49,LD.Run2.11
train_50,LD.Run2.19
train_51,LD.Run2.29
train_52,LD.Run1.01
train_53,LD.Run1.04
train_54,LD.Run1.05
train_55,LD.Run1.06
train_56,LD.Run1.07
train_57,LD.Run1.08
train_58,LD.Run1.09
train_59,LD.Run1.10
train_60,LD.Run1.11
train_61,LD.Run1.12
train_62,LD.Run2.01
train_63,LD.Run2.05
train_64,LD.Run2.14
train_65,LD.Run2.21
train_66,LD.Run2.22
train_67,LD.Run2.27
train_68,LD.Run2.30
train_172,GupDM_HCS
train_173,GupDM_A_11
train_174,GupDM_JK
train_175,GupDM_HCO
train_176,GupDM_HCM
train_177,GupDM_JJ
train_178,GupDM_A7
train_179,GupDM_JP
train_180,GupDM_HCV
train_181,GupDM_HS
train_182,GupDM_HCN
train_183,GupDM_HR
train_184,GupDM_A4
train_185,GupDM_HCR
train_186,GupDM_A13
train_187,GupDM_HCP
train_188,GupDM_JI
train_189,GupDM_JO
train_190,GupDM_A2
train_191,GupDM_JM
train_192,GupDM_JC
train_193,GupDM_JG
train_194,GupDM_HCT
train_195,GupDM_HCQ
train_196,GupDM_A1
train_197,GupDM_JN
train_198,GupDM_HCU
train_199,GupDM_HCL
train_200,GupDM_A8
train_201,GupDM_A14
train_202,GupDM_JL
train_203,GupDM_A12
train_204,GupDM_JE
train_205,GupDM_A3
train_206,GupDM_A10
train_207,GupDM_A5
train_208,GupDM_A_15
train_209,GupDM_JH
train_210,GupDM_JD
train_211,GupDM_A9
train_212,GupDM_HAT
train_213,GupDM_HAR
train_214,GupDM_HAP
train_215,GupDM_JB
train_216,GupDM_HAN
train_217,GupDM_HAO
train_218,GupDM_HAH
train_219,GupDM_HAL
train_220,GupDM_HAM
train_221,GupDM_JA
train_222,GupDM_HAK
train_223,GupDM_HAJ
train_224,GupDM_HAI
train_225,GupDM_HDF
train_226,GupDM_HCY
train_227,GupDM_HDB
train_228,GupDM_A6
train_255,HMP2_J00847_M_ST_T0_B0_0120_ZLGD9M0.1012_C8GAAANXX
train_256,HMP2_J00846_M_ST_T0_B0_0120_ZLGD9M0.07_HA986ADXX
train_257,HMP2_J00845_M_ST_T0_B0_0120_ZLGD9M0.05_HA986ADXX
train_258,HMP2_J00845_M_ST_T0_B0_0120_ZLGD9M0.05_C8GAAANXX
train_259,HMP2_J00845_M_ST_T0_B0_0120_ZLGD9M0.05_AC9387ANXX
train_260,HMP2_J00844_M_ST_T0_B0_0120_ZLYEM2C.1011_HA986ADXX
train_261,HMP2_J00843_M_ST_T0_B0_0120_ZLYEM2C.03_HA986ADXX
train_262,HMP2_J00842_M_ST_T0_B0_0120_ZLYEM2C.01_HA986ADXX
train_263,HMP2_J00841_M_ST_T0_B0_0120_ZLZNCLZ.1013_HA986ADXX
train_264,HMP2_J00841_M_ST_T0_B0_0120_ZLZNCLZ.1013_C8GAAANXX
train_265,HMP2_J00841_M_ST_T0_B0_0120_ZLZNCLZ.1013_AC9387ANXX
train_266,HMP2_J00840_M_ST_T0_B0_0120_ZLZNCLZ.01_HA986ADXX
train_267,HMP2_J00839_M_ST_T0_B0_0120_ZLZQMEV.1015_HA986ADXX
train_268,HMP2_J00839_M_ST_T0_B0_0120_ZLZQMEV.1015_C93B2ANXX
train_269,HMP2_J00837_M_ST_T0_B0_0120_ZLZQMEV.1012_C93B2ANXX
train_270,HMP2_J00836_M_ST_T0_B0_0120_ZLZQMEV.03_HA986ADXX
train_271,HMP2_J00835_M_ST_T0_B0_0120_ZLZQMEV.01_HA986ADXX
train_272,HMP2_J00834_M_ST_T0_B0_0120_ZMGT937.1014_HA986ADXX
train_273,HMP2_J00833_M_ST_T0_B0_0120_ZMGT937.1013_HA986ADXX
train_274,HMP2_J00832_M_ST_T0_B0_0120_ZMGT937.02_HA986ADXX
train_275,HMP2_J00831_M_ST_T0_B0_0120_ZMGT937.01_HA986ADXX
train_276,HMP2_J00831_M_ST_T0_B0_0120_ZMGT937.01_C8GAAANXX
train_277,HMP2_J00830_M_ST_T0_B0_0120_ZN9YTFN.1015_HA986ADXX
train_278,HMP2_J00829_M_ST_T0_B0_0120_ZN9YTFN.1014_HA986ADXX
train_279,HMP2_J00829_M_ST_T0_B0_0120_ZN9YTFN.1014_C8GAAANXX
train_280,HMP2_J00829_M_ST_T0_B0_0120_ZN9YTFN.1014_AC9387ANXX
train_281,HMP2_J00828_M_ST_T0_B0_0120_ZN9YTFN.1013_HA986ADXX
train_282,HMP2_J00828_M_ST_T0_B0_0120_ZN9YTFN.1013_C8GAAANXX
train_283,HMP2_J00827_M_ST_T0_B0_0120_ZN9YTFN.1012_HA986ADXX
train_284,HMP2_J00827_M_ST_T0_B0_0120_ZN9YTFN.1012_C8GAAANXX
train_285,HMP2_J00826_M_ST_T0_B0_0120_ZN9YTFN.1011_HA986ADXX
train_286,HMP2_J00825_M_ST_T0_B0_0120_ZN9YTFN.01_HA986ADXX
train_287,HMP2_J00825_M_ST_T0_B0_0120_ZN9YTFN.01_C8GAAANXX
train_288,HMP2_J00825_M_ST_T0_B0_0120_ZN9YTFN.01_AC9387ANXX
train_289,PSMB4MC5
train_290,PSMB4MC3
train_291,PSMB4MC1
train_292,PSMA26A3
train_293,PSMA26A1
train_294,PSMA269W
train_295,PSMA269S
train_296,PSMA2675
train_297,PSMA2671
train_298,PSMA266Y
train_299,PSMA266U
train_300,PSMA265X
train_301,PSMB4MBS
train_302,PSMA269G
train_303,PSMA266Q
train_304,PSMA266O
train_305,PSMA266M
train_306,PSMA266I
train_307,PSM7J4EF
train_308,PSMB4MC7
train_309,PSMB4MBK
train_310,PSMA267R
train_311,PSMA267P
train_312,PSMA267J
train_313,PSMA264W
train_314,PSMA264U
train_316,PSMA264Q
train_317,PSMA264O
train_318,PSMA267H
train_319,PSMA267F
train_320,PSMA267D
train_321,PSMA265B
train_322,PSMA2659
train_323,PSMA2653
train_324,PSMA2651_P
train_325,PSM7J13M
train_326,PSM7J13Q
train_327,PSM7J13K
train_328,PSM7J13I
train_329,PSMA2668
train_330,PSM7J163
train_331,PSM7J161
train_472,MSM79H7Q
train_477,MSM9VZNL
train_650,R1_200409_t7
train_651,S2_FMT_25_t0
train_652,S2_FMT_28_t30
train_653,FMT_43_t30
train_654,S2_FMT_40_t0
train_655,D_3185_R2_160304
train_656,R5_290108_t7
train_657,R6_271006_t0
train_658,FMT_78_t180
train_659,FMT_76_t7
train_660,FMT_77_t15
train_661,Sample_S25229_FMT_03_t0
train_662,S2_FMT_03_t15
train_663,FMT_DD_01
train_664,FMT_11_t0
train_665,SAMEA104142075
train_666,SAMEA104142118
train_667,SAMEA104142116
train_668,SAMEA104142369
train_669,SAMEA104142368
train_670,SAMEA104142367
train_671,SAMEA104142366
train_672,SAMEA104142365
train_673,SAMEA104142364
train_674,SAMEA104142363
train_675,SAMEA104142362
train_676,SAMEA104142361
train_677,SAMEA104142357
train_678,SAMEA104142359
train_679,SAMEA104142356
train_680,SAMEA104142358
train_681,SAMEA104142355
train_682,SAMEA104142348
train_683,SAMEA104142354
train_684,SAMEA104142353
train_685,SAMEA104142372
train_686,SAMEA104142352
train_687,SAMEA104142347
train_688,SAMEA104142346
train_689,SAMEA104142345
train_690,SAMEA104142344
train_691,SAMEA104142343
train_692,SAMEA104142342
train_693,SAMEA104142340
train_694,SAMEA104142338
train_695,SAMEA104142336
train_696,SAMEA104142325
train_697,SAMEA104142332
train_698,SAMEA104142326
train_699,SAMEA104142331
train_700,SAMEA104142330
train_701,SAMEA104142327
train_702,SAMEA104142337
train_703,SAMEA104142341
train_704,SAMEA104142371
train_705,SAMEA104142339
train_706,SAMEA104142328
train_707,SAMEA104142329
train_708,SAMEA104142333
train_709,SAMEA104142335
train_710,SAMEA104142374
train_711,SAMEA104142373
train_712,SAMEA104142334
train_713,SAMEA104142222
train_714,SAMEA104142236
train_715,SAMEA104142235
train_716,SAMEA104142234
train_717,SAMEA104142233
train_718,SAMEA104142231
train_719,SAMEA104142230
train_720,SAMEA104142229
train_721,SAMEA104142228
train_722,SAMEA104142375
train_723,SAMEA104142232
train_724,SAMEA104142227
train_725,SAMEA104142447
train_726,SAMEA104142457
train_727,SAMEA104142474
train_728,SAMEA104142455
train_729,SAMEA104142446
train_730,SAMEA104142445
train_731,SAMEA104142117
train_732,SAMEA104142468
train_733,SAMEA104142467
train_734,SAMEA104142466
train_735,SAMEA104142465
train_736,SAMEA104142464
train_737,SAMEA104142463
train_738,SAMEA104142460
train_739,SAMEA104142157
train_740,SAMEA104142158
train_741,SAMEA104142159
train_742,SAMEA104142160
train_743,SAMEA104142161
train_744,SAMEA104142162
train_745,SAMEA104142163
train_746,SAMEA104142164
train_747,SAMEA104142165
train_748,SAMEA104142166
train_749,SAMEA104142167
train_750,SAMEA104142168
train_751,SAMEA104142169
train_752,SAMEA104142170
train_753,SAMEA104142171
train_754,SAMEA104142173
train_755,SAMEA104142310
train_756,SAMEA104142174
train_757,SAMEA104142175
train_758,SAMEA104142114
train_759,SAMEA104142176
train_760,SAMEA104142177
train_761,SAMEA104142178
train_762,SAMEA104142179
train_763,SAMEA104142180
train_764,SAMEA104142181
train_765,SAMEA104142182
train_766,SAMEA104142183
train_767,SAMEA104142184
train_768,SAMEA104142185
train_769,SAMEA104142186
train_770,SAMEA104142188
train_771,SAMEA104142189
train_772,SAMEA104142190
train_773,SAMEA104142191
train_774,SAMEA104142192
train_775,SAMEA104142193
train_776,SAMEA104142194
train_777,SAMEA104142195
train_778,SAMEA104142196
train_779,SAMEA104142197
train_780,SAMEA104142198
train_781,SAMEA104142086
train_782,SAMEA104142199
train_783,SAMEA104142462
train_784,SAMEA104142200
train_785,SAMEA104142201
train_786,SAMEA104142202
train_787,SAMEA104142203
train_788,SAMEA104142204
train_789,SAMEA104142205
train_790,SAMEA104142206
train_791,SAMEA104142207
train_792,SAMEA104142208
train_793,SAMEA104142209
train_794,SAMEA104142317
train_795,SAMEA104142120
train_796,SAMEA104142298
train_797,SAMEA104142248
train_798,SAMEA104142249
train_799,SAMEA104142250
train_800,SAMEA104142076
train_801,SAMEA104142115
train_802,SAMEA104142251
train_803,SAMEA104142252
train_804,SAMEA104142113
train_805,SAMEA104142253
train_806,SAMEA104142254
train_807,SAMEA104142255
train_808,SAMEA104142121
train_809,SAMEA104142256
train_810,SAMEA104142257
train_811,SAMEA104142258
train_812,SAMEA104142074
train_813,SAMEA104142073
train_814,SAMEA104142291
train_815,SAMEA104142285
train_816,SAMEA104142296
train_817,SAMEA104142122
train_818,SAMEA104142297
train_819,SAMEA104142123
train_820,SAMEA104142119
train_821,SAMEA104142259
train_822,SAMEA104142260
train_823,SAMEA104142261
train_824,SAMEA104142262
train_825,SAMEA104142263
train_826,SAMEA104142264
train_827,SAMEA104142265
train_828,SAMEA104142266
train_829,SAMEA104142267
train_830,SAMEA104142268
train_831,SAMEA104142269
train_832,SAMEA104142270
train_833,SAMEA104142272
train_834,SAMEA104142273
train_835,SAMEA104142275
train_836,SAMEA104142276
train_837,SAMEA104142277
train_838,SAMEA104142278
train_839,SAMEA104142303
train_840,SAMEA104142289
train_841,SAMEA104142283
train_842,SAMEA104142292
train_843,SAMEA104142307
train_844,SAMEA104142308
train_845,SAMEA104142290
train_846,SAMEA104142302
train_847,SAMEA104142301
train_848,SAMEA104142300
train_849,SAMEA104142299
train_850,SAMEA104142110
train_851,SAMEA104142295
train_852,SAMEA104142089
train_853,SAMEA104142111
train_854,SAMEA104142112
train_855,SAMEA104142087
train_856,SAMEA104142102
train_857,SAMEA104142107
train_858,SAMEA104142106
train_859,SAMEA104142100
train_860,SAMEA104142284
train_861,SAMEA104142105
train_862,SAMEA104142104
train_863,SAMEA104142103
train_864,SAMEA104142099
train_865,SAMEA104142098
train_866,SAMEA104142294
train_867,SAMEA104142088
train_868,SAMEA104142097
train_869,SAMEA104142288
train_870,SAMEA104142293
train_871,SAMEA104142459
train_872,SAMEA104142461
train_873,SAMEA104142458
train_874,SAMEA104142442
train_875,SAMEA104142441
train_876,SAMEA104142438
train_877,SAMEA104142437
train_878,SAMEA104142436
train_879,SAMEA104142440
train_880,SAMEA104142435
train_881,SAMEA104142434
train_882,SAMEA104142439
train_883,SAMEA104142433
train_884,SAMEA104142324
train_885,SAMEA104142316
train_886,SAMEA104142314
train_887,SAMEA104142432
train_888,SAMEA104142431
train_889,SAMEA104142430
train_890,SAMEA104142429
train_891,SAMEA104142473
train_892,SAMEA104142428
train_893,SAMEA104142427
train_894,SAMEA104142426
train_895,SAMEA104142425
train_896,SAMEA104142312
train_897,SAMEA104142424
train_898,SAMEA104142476
train_899,SAMEA104142471
train_900,SAMEA104142423
train_901,SAMEA104142422
train_902,SAMEA104142421
train_903,SAMEA104142420
train_904,SAMEA104142419
train_905,SAMEA104142418
train_906,SAMEA104142415
train_907,SAMEA104142414
train_908,SAMEA104142413
train_909,SAMEA104142412
train_910,SAMEA104142410
train_911,SAMEA104142417
train_912,SAMEA104142411
train_913,SAMEA104142090
train_914,SAMEA104142091
train_915,SAMEA104142092
train_916,SAMEA104142093
train_917,SAMEA104142094
train_918,SAMEA104142095
train_919,SAMEA104142096
train_920,SAMEA104142313
train_921,SAMEA104142079
train_922,SAMEA104142080
train_923,SAMEA104142081
train_924,SAMEA104142082
train_925,SAMEA104142083
train_926,SAMEA104142084
train_927,SAMEA104142085
train_928,SAMEA104142154
train_929,SAMEA104142155
train_930,SAMEA104142156
train_931,SAMEA104142470
train_932,SAMEA104142469
train_933,SAMEA104142280
train_934,SAMEA104142237
train_935,SAMEA104142309
train_936,SAMEA104142238
train_937,SAMEA104142242
train_938,SAMEA104142239
train_939,SAMEA104142243
train_940,SAMEA104142321
train_941,SAMEA104142311
train_942,SAMEA104142241
train_943,SAMEA104142244
train_944,SAMEA104142240
train_945,SAMEA104142245
train_946,SAMEA104142376
train_947,SAMEA104142349
train_948,SAMEA104142377
train_949,SAMEA104142378
train_950,SAMEA104142472
train_951,SAMEA104142379
train_952,SAMEA104142380
train_953,SAMEA104142381
train_954,SAMEA104142382
train_955,SAMEA104142383
train_956,SAMEA104142384
train_957,SAMEA104142385
train_958,SAMEA104142246
train_959,SAMEA104142386
train_960,SAMEA104142351
train_961,SAMEA104142350
train_962,SAMEA104142247
train_963,SAMEA104142387
train_964,SAMEA104142388
train_965,SAMEA104142390
train_966,SAMEA104142391
train_967,SAMEA104142226
train_968,SAMEA104142451
train_969,SAMEA104142452
train_970,SAMEA104142395
train_971,SAMEA104142225
train_972,SAMEA104142397
train_973,SAMEA104142398
train_974,SAMEA104142400
train_975,SAMEA104142370
train_976,SAMEA104142401
train_977,SAMEA104142402
train_978,SAMEA104142404
train_979,SAMEA104142405
train_980,SAMEA104142306
train_981,SAMEA104142305
train_982,SAMEA104142304
train_983,SAMEA104142279
train_984,SAMEA104142282
train_985,SAMEA104142319
train_986,SAMEA104142281
train_987,SAMEA104142322
train_988,SAMEA104142315
train_989,SAMEA104142318
train_990,SAMEA104142134
train_991,SAMEA104142135
train_992,SAMEA104142133
train_993,SAMEA104142129
train_994,SAMEA104142128
train_995,SAMEA104142139
train_996,SAMEA104142141
train_997,SAMEA104142137
train_998,SAMEA104142127
train_999,SAMEA104142130
train_1000,SAMEA104142131
train_1001,SAMEA104142126
train_1002,SAMEA104142125
train_1003,SAMEA104142136
train_1004,SAMEA104142138
train_1005,SAMEA104142140
train_1006,SAMEA104142142
train_1007,SAMEA104142143
train_1008,SAMEA104142144
train_1009,SAMEA104142145
train_1010,SAMEA104142146
train_1011,SAMEA104142147
train_1012,SAMEA104142148
train_1013,SAMEA104142149
train_1014,SAMEA104142150
train_1015,SAMEA104142151
train_1016,SAMEA104142152
train_1017,SAMEA104142153
train_1018,SAMEA104142077
train_1019,SAMEA104142078
train_1020,SAMEA104142210
train_1021,SAMEA104142211
train_1022,SAMEA104142218
train_1023,SAMEA104142212
train_1024,SAMEA104142219
train_1025,SAMEA104142213
train_1026,SAMEA104142220
train_1027,SAMEA104142214
train_1028,SAMEA104142215
train_1029,SAMEA104142217
train_1030,SAMEA104142216
train_1031,SAMEA104142223
train_1032,SAMEA104142409
train_1033,SAMEA104142448
train_1034,SAMEA104142408
train_1035,SAMEA104142407
train_1036,SAMEA104142406
train_1037,S118
train_1038,S121
train_1039,S126
train_1040,S127
train_1041,S131
train_1042,S137
train_1043,S143
train_1044,S144
train_1045,S146
train_1046,S153
train_1047,S155
train_1048,S158
train_1049,S186
train_1050,S187
train_1051,S193
train_1052,S194
train_1053,S195
train_1054,S198
train_1055,S200
train_1056,S205
train_1057,S224
train_1058,S225
train_1059,S227
train_1060,S229
train_1061,S231
train_1062,S235
train_1063,S239
train_1064,S243
train_1065,S244
train_1066,S248
train_1067,S249
train_1068,S258
train_1069,S263
train_1070,S264
train_1071,S268
train_1072,S269
train_1073,S278
train_1074,S288
train_1075,S290
train_1076,S297
train_1077,S299
train_1078,S304
train_1079,S305
train_1080,S312
train_1081,S317
train_1082,S327
train_1083,S330
train_1084,S332
train_1085,S334
train_1086,S342
train_1087,S344
train_1088,S347
train_1089,S349
train_1090,S350
train_1091,S353
train_1092,S354
train_1093,S356
train_1094,S365
train_1095,S367
train_1096,S370
train_1097,S372
train_1098,S378
train_1099,S381
train_1100,S384
train_1101,S389
train_1102,S393
train_1103,S395
train_1104,S397
train_1105,S398
train_1106,S420
train_1107,S421
train_1108,S422
train_1109,S424
train_1110,S432
train_1111,S434
train_1112,S436
train_1113,S439
train_1114,S441
train_1115,S446
train_1116,S451
train_1117,S456
train_1118,S457
train_1119,S458
train_1120,S462
train_1121,S463
train_1122,S468
train_1123,S470
train_1124,S472
train_1125,S475
train_1126,S476
train_1127,S478
train_1128,S479
train_1129,S483
train_1130,S484
train_1131,S485
train_1132,S487
train_1133,S488
train_1134,S495
train_1135,S497
train_1136,S51
train_1137,S517
train_1138,S524
train_1139,S526
train_1140,S529
train_1141,S53
train_1142,S530
train_1143,S536
train_1144,S54
train_1145,S543
train_1146,S547
train_1147,S550
train_1148,S551
train_1149,S552
train_1150,S558
train_1151,S563
train_1152,S577
train_1153,S58
train_1154,S587
train_1155,S589
train_1156,S59
train_1157,S591
train_1158,S598
train_1159,S60
train_1160,S600
train_1161,S604
train_1162,S614
train_1163,S617
train_1164,S618
train_1165,S628
train_1166,S638
train_1167,S640
train_1168,S643
train_1169,S646
train_1170,S655
train_1171,S77
train_1172,S80
train_1173,S88
train_1174,S92
train_1175,EGAR00001421191_9002000001564560
train_1176,EGAR00001420505_9002000001350789
train_1177,EGAR00001420698_9002000001403452
train_1178,EGAR00001421168_9002000001554537
train_1179,EGAR00001421033_9002000001491867
train_1180,EGAR00001420152_9002000001198001
train_1181,EGAR00001421118_9002000001531238
train_1182,EGAR00001420476_9002000001340370
train_1183,EGAR00001420251_9002000001240419
train_1184,EGAR00001421011_9002000001483622LL
train_1185,EGAR00001420709_9002000001407430
train_1186,EGAR00001420587_9002000001377630
train_1187,EGAR00001420782_9002000001425650
train_1188,M0x10MCx1135
train_1189,M0x10MCx1144
train_1190,M0x10MCx1146
train_1191,M0x10MCx1151
train_1192,M0x10MCx1153
train_1193,M0x10MCx1154
train_1194,M0x10MCx1155
train_1195,M0x10MCx1216
train_1196,M0x10MCx1225
train_1197,M0x10MCx1228
train_1198,M0x10MCx1229
train_1199,M0x10MCx1251
train_1200,M0x10MCx1277
train_1201,M0x10MCx1295
train_1202,M0x10MCx1307
train_1203,M0x10MCx1318
train_1204,M0x10MCx1344
train_1205,M0x10MCx1362
train_1206,M0x10MCx1374
train_1207,M0x10MCx1390
train_1208,M0x10MCx1391
train_1209,M0x10MCx1414
train_1210,M0x10MCx1429
train_1211,M0x10MCx1431
train_1212,M0x10MCx1471
train_1213,M0x10MCx1472
train_1214,M0x10MCx1491
train_1215,M0x10MCx1518
train_1216,M0x10MCx1523
train_1217,M0x10MCx1529
train_1218,M0x10MCx1530
train_1219,M0x10MCx1531
train_1220,M0x10MCx1560
train_1221,M0x10MCx1563
train_1222,M0x10MCx1585
train_1223,M0x10MCx1587
train_1224,M0x10MCx1604
train_1225,M0x10MCx1624
train_1226,M0x10MCx1625
train_1227,M0x10MCx1643
train_1228,M0x10MCx1656
train_1229,M0x10MCx1659
train_1230,M0x10MCx1668
train_1231,M0x10MCx1680
train_1232,M0x10MCx1702
train_1233,M0x10MCx1745
train_1234,M0x10MCx1778
train_1235,M0x10MCx1800
train_1236,M0x10MCx1805
train_1237,M0x10MCx1808
train_1238,M0x10MCx1814
train_1239,M0x10MCx1844
train_1240,M0x10MCx1847
train_1241,M0x10MCx1864
train_1242,M0x10MCx1865
train_1243,M0x10MCx1877
train_1244,M0x10MCx1888
train_1245,M0x10MCx1906
train_1246,M0x10MCx1918
train_1247,M0x10MCx1931
train_1248,M0x10MCx1946
train_1249,M0x10MCx1960
train_1250,M0x10MCx2026
train_1251,M0x10MCx2028
train_1252,M0x10MCx2032
train_1253,M0x10MCx2046
train_1254,M0x10MCx2066
train_1255,M0x10MCx2095
train_1256,M0x10MCx2097
train_1257,M0x10MCx2098
train_1258,M0x10MCx2142
train_1259,M0x10MCx2152
train_1260,M0x10MCx2169
train_1261,M0x10MCx2177
train_1262,M0x10MCx2246
train_1263,M0x10MCx2268
train_1264,M0x10MCx2277
train_1265,M0x10MCx2301
train_1266,M0x10MCx2315
train_1267,M0x10MCx2332
train_1268,M0x10MCx2341
train_1269,M0x10MCx2411
train_1270,M0x10MCx2417
train_1271,M0x10MCx2435
train_1272,M0x10MCx2441
train_1273,M0x10MCx2470
train_1274,M0x10MCx2472
train_1275,M0x10MCx2474
train_1276,M0x10MCx2476
train_1277,M0x10MCx2490
train_1278,M0x10MCx2540
train_1279,M0x10MCx2564
train_1280,M0x10MCx2566
train_1281,M0x10MCx2577
train_1282,M0x10MCx2580
train_1283,M0x10MCx2585
train_1284,M0x10MCx2599
train_1285,M0x10MCx2607
train_1286,M0x10MCx2611
train_1287,M0x10MCx2636
train_1288,M0x10MCx2637
train_1289,M0x10MCx2643
train_1290,M0x10MCx2666
train_1291,M0x10MCx2707
train_1292,M0x10MCx2721
train_1293,M0x10MCx2722
train_1294,M0x10MCx2725
train_1295,M0x10MCx2730
train_1296,M0x10MCx2748
train_1297,M0x10MCx2750
train_1298,M0x10MCx2755
train_1299,M0x10MCx2758
train_1300,M0x10MCx2762
train_1301,M0x10MCx2769
train_1302,M0x10MCx2779
train_1303,M0x10MCx2813
train_1304,M0x10MCx2829
train_1305,M0x10MCx2846
train_1306,M0x10MCx2856
train_1307,M0x10MCx2862
train_1308,M0x10MCx2864
train_1309,M0x10MCx2873
train_1310,M0x10MCx2918
train_1311,M0x10MCx2976
train_1312,M0x10MCx3001
train_1313,M0x10MCx3022
train_1314,M0x10MCx3024
train_1315,M0x10MCx3074
train_1316,M0x10MCx3105
train_1317,M0x10MCx3156
train_1318,M0x10MCx3173
train_1319,M0x10MCx3197
train_1320,M0x10MCx3268
train_1321,M0x10MCx3273
train_1322,M0x10MCx3318
train_1323,M0x10MCx3322
train_1324,M0x10MCx3330
train_1325,M0x10MCx3346
train_1326,M0x10MCx3347
train_1327,M0x10MCx3354
train_1328,M0x10MCx3404
train_1329,M0x10MCx3406
train_1330,M0x10MCx3407
train_1331,M0x10MCx3420
train_1332,M0x11MCx1111
train_1333,M0x11MCx1113
train_1334,M0x11MCx1160
train_1335,M0x11MCx1161
train_1336,M0x11MCx1246
train_1337,M0x11MCx1265
train_1338,M0x11MCx1274
train_1339,M0x11MCx1329
train_1340,M0x11MCx1383
train_1341,M0x11MCx1428
train_1342,M0x11MCx1448
train_1343,M0x11MCx1533
train_1344,M0x11MCx1579
train_1345,M0x11MCx1669
train_1346,M0x11MCx1690
train_1347,M0x11MCx1751
train_1348,M0x11MCx1758
train_1349,M0x11MCx1826
train_1350,M0x11MCx2047
train_1351,M0x11MCx2048
train_1352,M0x11MCx2056
train_1353,M0x11MCx2130
train_1354,M0x11MCx2184
train_1355,M0x11MCx2191
train_1356,M0x11MCx2271
train_1357,M0x11MCx2290
train_1358,M0x11MCx2302
train_1359,M0x11MCx2305
train_1360,M0x11MCx2379
train_1361,M0x11MCx2419
train_1362,M0x11MCx2481
train_1363,M0x11MCx2511
train_1364,M0x11MCx2680
train_1365,M0x11MCx2768
train_1366,M0x11MCx2847
train_1367,M0x11MCx2897
train_1368,M0x11MCx2910
train_1369,M0x11MCx2914
train_1370,M0x11MCx2950
train_1371,M0x11MCx2957
train_1372,M0x11MCx3016
train_1373,M0x11MCx3054
train_1374,M0x11MCx3093
train_1375,M0x11MCx3134
train_1376,M0x11MCx3185
train_1377,M0x11MCx3193
train_1378,M0x11MCx3248
train_1379,M0x12MCx1147
train_1380,M0x12MCx1242
train_1381,M0x12MCx1282
train_1382,M0x12MCx1347
train_1383,M0x12MCx1353
train_1384,M0x12MCx1356
train_1385,M0x12MCx1392
train_1386,M0x12MCx1446
train_1387,M0x12MCx1480
train_1388,M0x12MCx1495
train_1389,M0x12MCx1502
train_1390,M0x12MCx1519
train_1391,M0x12MCx1639
train_1392,M0x12MCx1651
train_1393,M0x12MCx1652
train_1394,M0x12MCx1719
train_1395,M0x12MCx1738
train_1396,M0x12MCx1749
train_1397,M0x12MCx1764
train_1398,M0x12MCx1771
train_1399,M0x12MCx1788
train_1400,M0x12MCx1862
train_1401,M0x12MCx1869
train_1402,M0x12MCx1886
train_1403,M0x12MCx1893
train_1404,M0x12MCx1895
train_1405,M0x12MCx1903
train_1406,M0x12MCx1988
train_1407,M0x12MCx2035
train_1408,M0x12MCx2100
train_1409,M0x12MCx2109
train_1410,M0x12MCx2111
train_1411,M0x12MCx2136
train_1412,M0x12MCx2202
train_1413,M0x12MCx2209
train_1414,M0x12MCx2212
train_1415,M0x12MCx2285
train_1416,M0x12MCx2287
train_1417,M0x12MCx2291
train_1418,M0x12MCx2317
train_1419,M0x12MCx2323
train_1420,M0x12MCx2339
train_1421,M0x12MCx2347
train_1422,M0x12MCx2380
train_1423,M0x12MCx2447
train_1424,M0x12MCx2454
train_1425,M0x12MCx2489
train_1426,M0x12MCx2530
train_1427,M0x12MCx2667
train_1428,M0x12MCx2703
train_1429,M0x12MCx2736
train_1430,M0x12MCx2763
train_1431,M0x12MCx2778
train_1432,M0x12MCx2849
train_1433,M0x12MCx2987
train_1434,M0x12MCx2993
train_1435,M0x12MCx3006
train_1436,M0x12MCx3026
train_1437,M0x12MCx3072
train_1438,M0x12MCx3082
train_1439,M0x12MCx3112
train_1440,M0x12MCx3125
train_1441,M0x12MCx3157
train_1442,M0x12MCx3272
train_1443,M0x12MCx3275
train_1444,M0x12MCx3309
train_1445,M0x12MCx3333
train_1446,M0x12MCx3342
train_1447,M0x12MCx3344
train_1448,M0x12MCx3380
train_1449,M0x12MCx3392
train_1450,M0x13MCx1149
train_1451,M0x13MCx1175
train_1452,M0x13MCx1179
train_1453,M0x13MCx1231
train_1454,M0x13MCx1410
train_1455,M0x13MCx1419
train_1456,M0x13MCx1567
train_1457,M0x13MCx1608
train_1458,M0x13MCx1887
train_1459,M0x13MCx2054
train_1460,M0x13MCx2071
train_1461,M0x13MCx2129
train_1462,M0x13MCx2232
train_1463,M0x13MCx2240
train_1464,M0x13MCx2252
train_1465,M0x13MCx2273
train_1466,M0x13MCx2331
train_1467,M0x13MCx2401
train_1468,M0x13MCx2620
train_1469,M0x13MCx2621
train_1470,M0x13MCx2660
train_1471,M0x13MCx2743
train_1472,M0x13MCx2992
train_1473,M0x13MCx3080
train_1474,M0x13MCx3255
train_1475,M0x13MCx3274
train_1476,M0x13MCx3311
train_1477,M0x13MCx3356
train_1478,M0x14MCx1190
train_1479,M0x14MCx1209
train_1480,M0x14MCx1338
train_1481,M0x14MCx1399
train_1482,M0x14MCx1407
train_1483,M0x14MCx1409
train_1484,M0x14MCx1485
train_1485,M0x14MCx1583
train_1486,M0x14MCx1747
train_1487,M0x14MCx1768
train_1488,M0x14MCx1775
train_1489,M0x14MCx1861
train_1490,M0x14MCx1929
train_1491,M0x14MCx1943
train_1492,M0x14MCx1953
train_1493,M0x14MCx2088
train_1494,M0x14MCx2162
train_1495,M0x14MCx2193
train_1496,M0x14MCx2355
train_1497,M0x14MCx2381
train_1498,M0x14MCx2420
train_1499,M0x14MCx2429
train_1500,M0x14MCx2437
train_1501,M0x14MCx2453
train_1502,M0x14MCx2468
train_1503,M0x14MCx2479
train_1504,M0x14MCx2510
train_1505,M0x14MCx2587
train_1506,M0x14MCx2682
train_1507,M0x14MCx2741
train_1508,M0x14MCx2749
train_1509,M0x14MCx2789
train_1510,M0x14MCx2842
train_1511,M0x14MCx2979
train_1512,M0x14MCx3050
train_1513,M0x14MCx3150
train_1514,M0x14MCx3229
train_1515,M0x14MCx3258
train_1516,M0x14MCx3405
train_1517,M0x20MCx1136
train_1518,M0x20MCx1156
train_1519,M0x20MCx1173
train_1520,M0x20MCx1181
train_1521,M0x20MCx1203
train_1522,M0x20MCx1207
train_1523,M0x20MCx1221
train_1524,M0x20MCx1223
train_1525,M0x20MCx1232
train_1526,M0x20MCx1245
train_1527,M0x20MCx1252
train_1528,M0x20MCx1255
train_1529,M0x20MCx1290
train_1530,M0x20MCx1298
train_1531,M0x20MCx1324
train_1532,M0x20MCx1339
train_1533,M0x20MCx1352
train_1534,M0x20MCx1366
train_1535,M0x20MCx1375
train_1536,M0x20MCx1393
train_1537,M0x20MCx1403
train_1538,M0x20MCx1408
train_1539,M0x20MCx1422
train_1540,M0x20MCx1464
train_1541,M0x20MCx1500
train_1542,M0x20MCx1501
train_1543,M0x20MCx1512
train_1544,M0x20MCx1562
train_1545,M0x20MCx1593
train_1546,M0x20MCx1615
train_1547,M0x20MCx1622
train_1548,M0x20MCx1634
train_1549,M0x20MCx1660
train_1550,M0x20MCx1670
train_1551,M0x20MCx1671
train_1552,M0x20MCx1679
train_1553,M0x20MCx1684
train_1554,M0x20MCx1689
train_1555,M0x20MCx1703
train_1556,M0x20MCx1704
train_1557,M0x20MCx1726
train_1558,M0x20MCx1732
train_1559,M0x20MCx1733
train_1560,M0x20MCx1734
train_1561,M0x20MCx1753
train_1562,M0x20MCx1766
train_1563,M0x20MCx1777
train_1564,M0x20MCx1780
train_1565,M0x20MCx1790
train_1566,M0x20MCx1812
train_1567,M0x20MCx1830
train_1568,M0x20MCx1834
train_1569,M0x20MCx1837
train_1570,M0x20MCx1848
train_1571,M0x20MCx1866
train_1572,M0x20MCx1870
train_1573,M0x20MCx1871
train_1574,M0x20MCx1879
train_1575,M0x20MCx1884
train_1576,M0x20MCx1889
train_1577,M0x20MCx1898
train_1578,M0x20MCx1912
train_1579,M0x20MCx1925
train_1580,M0x20MCx1941
train_1581,M0x20MCx1950
train_1582,M0x20MCx1959
train_1583,M0x20MCx1981
train_1584,M0x20MCx1986
train_1585,M0x20MCx1989
train_1586,M0x20MCx2010
train_1587,M0x20MCx2016
train_1588,M0x20MCx2017
train_1589,M0x20MCx2019
train_1590,M0x20MCx2024
train_1591,M0x20MCx2038
train_1592,M0x20MCx2045
train_1593,M0x20MCx2051
train_1594,M0x20MCx2057
train_1595,M0x20MCx2063
train_1596,M0x20MCx2067
train_1597,M0x20MCx2083
train_1598,M0x20MCx2086
train_1599,M0x20MCx2087
train_1600,M0x20MCx2108
train_1601,M0x20MCx2117
train_1602,M0x20MCx2119
train_1603,M0x20MCx2145
train_1604,M0x20MCx2171
train_1605,M0x20MCx2187
train_1606,M0x20MCx2225
train_1607,M0x20MCx2231
train_1608,M0x20MCx2233
train_1609,M0x20MCx2245
train_1610,M0x20MCx2250
train_1611,M0x20MCx2254
train_1612,M0x20MCx2288
train_1613,M0x20MCx2289
train_1614,M0x20MCx2299
train_1615,M0x20MCx2335
train_1616,M0x20MCx2344
train_1617,M0x20MCx2345
train_1618,M0x20MCx2346
train_1619,M0x20MCx2348
train_1620,M0x20MCx2350
train_1621,M0x20MCx2368
train_1622,M0x20MCx2372
train_1623,M0x20MCx2373
train_1624,M0x20MCx2374
train_1625,M0x20MCx2412
train_1626,M0x20MCx2421
train_1627,M0x20MCx2422
train_1628,M0x20MCx2475
train_1629,M0x20MCx2477
train_1630,M0x20MCx2483
train_1631,M0x20MCx2491
train_1632,M0x20MCx2495
train_1633,M0x20MCx2504
train_1634,M0x20MCx2536
train_1635,M0x20MCx2546
train_1636,M0x20MCx2562
train_1637,M0x20MCx2571
train_1638,M0x20MCx2626
train_1639,M0x20MCx2631
train_1640,M0x20MCx2634
train_1641,M0x20MCx2650
train_1642,M0x20MCx2653
train_1643,M0x20MCx2669
train_1644,M0x20MCx2677
train_1645,M0x20MCx2696
train_1646,M0x20MCx2697
train_1647,M0x20MCx2712
train_1648,M0x20MCx2717
train_1649,M0x20MCx2742
train_1650,M0x20MCx2759
train_1651,M0x20MCx2764
train_1652,M0x20MCx2787
train_1653,M0x20MCx2816
train_1654,M0x20MCx2820
train_1655,M0x20MCx2823
train_1656,M0x20MCx2878
train_1657,M0x20MCx2896
train_1658,M0x20MCx2905
train_1659,M0x20MCx2916
train_1660,M0x20MCx2921
train_1661,M0x20MCx2922
train_1662,M0x20MCx2923
train_1663,M0x20MCx2927
train_1664,M0x20MCx2928
train_1665,M0x20MCx2946
train_1666,M0x20MCx2985
train_1667,M0x20MCx2988
train_1668,M0x20MCx3020
train_1669,M0x20MCx3040
train_1670,M0x20MCx3055
train_1671,M0x20MCx3079
train_1672,M0x20MCx3097
train_1673,M0x20MCx3107
train_1674,M0x20MCx3127
train_1675,M0x20MCx3136
train_1676,M0x20MCx3211
train_1677,M0x20MCx3216
train_1678,M0x20MCx3247
train_1679,M0x20MCx3281
train_1680,M0x20MCx3283
train_1681,M0x20MCx3284
train_1682,M0x20MCx3296
train_1683,M0x20MCx3310
train_1684,M0x20MCx3335
train_1685,M0x20MCx3343
train_1686,M0x20MCx3368
train_1687,M0x20MCx3371
train_1688,M0x20MCx3402
train_1689,M0x30MCx1130
train_1690,M0x30MCx1142
train_1691,M0x30MCx1169
train_1692,M0x30MCx1170
train_1693,M0x30MCx1188
train_1694,M0x30MCx1195
train_1695,M0x30MCx1196
train_1696,M0x30MCx1199
train_1697,M0x30MCx1201
train_1698,M0x30MCx1210
train_1699,M0x30MCx1253
train_1700,M0x30MCx1259
train_1701,M0x30MCx1270
train_1702,M0x30MCx1271
train_1703,M0x30MCx1300
train_1704,M0x30MCx1303
train_1705,M0x30MCx1314
train_1706,M0x30MCx1335
train_1707,M0x30MCx1342
train_1708,M0x30MCx1346
train_1709,M0x30MCx1358
train_1710,M0x30MCx1370
train_1711,M0x30MCx1371
train_1712,M0x30MCx1372
train_1713,M0x30MCx1401
train_1714,M0x30MCx1411
train_1715,M0x30MCx1423
train_1716,M0x30MCx1425
train_1717,M0x30MCx1445
train_1718,M0x30MCx1451
train_1719,M0x30MCx1477
train_1720,M0x30MCx1481
train_1721,M0x30MCx1496
train_1722,M0x30MCx1524
train_1723,M0x30MCx1554
train_1724,M0x30MCx1556
train_1725,M0x30MCx1576
train_1726,M0x30MCx1586
train_1727,M0x30MCx1606
train_1728,M0x30MCx1609
train_1729,M0x30MCx1611
train_1730,M0x30MCx1618
train_1731,M0x30MCx1623
train_1732,M0x30MCx1628
train_1733,M0x30MCx1635
train_1734,M0x30MCx1644
train_1735,M0x30MCx1646
train_1736,M0x30MCx1662
train_1737,M0x30MCx1664
train_1738,M0x30MCx1674
train_1739,M0x30MCx1677
train_1740,M0x30MCx1682
train_1741,M0x30MCx1688
train_1742,M0x30MCx1692
train_1743,M0x30MCx1693
train_1744,M0x30MCx1707
train_1745,M0x30MCx1748
train_1746,M0x30MCx1750
train_1747,M0x30MCx1754
train_1748,M0x30MCx1761
train_1749,M0x30MCx1765
train_1750,M0x30MCx1767
train_1751,M0x30MCx1774
train_1752,M0x30MCx1786
train_1753,M0x30MCx1787
train_1754,M0x30MCx1792
train_1755,M0x30MCx1796
train_1756,M0x30MCx1813
train_1757,M0x30MCx1824
train_1758,M0x30MCx1827
train_1759,M0x30MCx1832
train_1760,M0x30MCx1838
train_1762,M0x30MCx1881
train_1763,M0x30MCx1902
train_1764,M0x30MCx1911
train_1765,M0x30MCx1919
train_1766,M0x30MCx1930
train_1767,M0x30MCx1935
train_1768,M0x30MCx1938
train_1769,M0x30MCx1956
train_1770,M0x30MCx1957
train_1771,M0x30MCx1966
train_1772,M0x30MCx1969
train_1773,M0x30MCx1975
train_1774,M0x30MCx1977
train_1775,M0x30MCx1982
train_1776,M0x30MCx1990
train_1777,M0x30MCx1993
train_1778,M0x30MCx1996
train_1779,M0x30MCx2009
train_1780,M0x30MCx2022
train_1781,M0x30MCx2043
train_1782,M0x30MCx2052
train_1783,M0x30MCx2065
train_1784,M0x30MCx2072
train_1785,M0x30MCx2079
train_1786,M0x30MCx2080
train_1787,M0x30MCx2082
train_1788,M0x30MCx2092
train_1789,M0x30MCx2107
train_1790,M0x30MCx2137
train_1791,M0x30MCx2156
train_1792,M0x30MCx2166
train_1793,M0x30MCx2168
train_1794,M0x30MCx2188
train_1795,M0x30MCx2197
train_1796,M0x30MCx2222
train_1797,M0x30MCx2241
train_1798,M0x30MCx2255
train_1799,M0x30MCx2261
train_1800,M0x30MCx2272
train_1801,M0x30MCx2280
train_1802,M0x30MCx2292
train_1803,M0x30MCx2296
train_1804,M0x30MCx2303
train_1805,M0x30MCx2308
train_1806,M0x30MCx2312
train_1807,M0x30MCx2318
train_1808,M0x30MCx2327
train_1809,M0x30MCx2334
train_1810,M0x30MCx2349
train_1811,M0x30MCx2354
train_1812,M0x30MCx2364
train_1813,M0x30MCx2403
train_1814,M0x30MCx2415
train_1815,M0x30MCx2432
train_1816,M0x30MCx2434
train_1817,M0x30MCx2438
train_1818,M0x30MCx2455
train_1819,M0x30MCx2480
train_1820,M0x30MCx2497
train_1821,M0x30MCx2512
train_1822,M0x30MCx2515
train_1823,M0x30MCx2516
train_1824,M0x30MCx2529
train_1825,M0x30MCx2549
train_1826,M0x30MCx2558
train_1827,M0x30MCx2573
train_1828,M0x30MCx2586
train_1829,M0x30MCx2598
train_1830,M0x30MCx2605
train_1831,M0x30MCx2618
train_1832,M0x30MCx2619
train_1833,M0x30MCx2632
train_1834,M0x30MCx2640
train_1835,M0x30MCx2648
train_1836,M0x30MCx2654
train_1837,M0x30MCx2656
train_1838,M0x30MCx2662
train_1839,M0x30MCx2684
train_1840,M0x30MCx2690
train_1841,M0x30MCx2700
train_1842,M0x30MCx2715
train_1843,M0x30MCx2720
train_1844,M0x30MCx2723
train_1845,M0x30MCx2724
train_1846,M0x30MCx2734
train_1847,M0x30MCx2735
train_1848,M0x30MCx2744
train_1849,M0x30MCx2770
train_1850,M0x30MCx2774
train_1851,M0x30MCx2775
train_1852,M0x30MCx2777
train_1853,M0x30MCx2783
train_1854,M0x30MCx2785
train_1855,M0x30MCx2788
train_1856,M0x30MCx2792
train_1857,M0x30MCx2811
train_1858,M0x30MCx2819
train_1859,M0x30MCx2822
train_1860,M0x30MCx2833
train_1861,M0x30MCx2836
train_1862,M0x30MCx2871
train_1863,M0x30MCx2890
train_1864,M0x30MCx2901
train_1865,M0x30MCx2912
train_1866,M0x30MCx2919
train_1867,M0x30MCx2933
train_1868,M0x30MCx2948
train_1869,M0x30MCx2951
train_1870,M0x30MCx2953
train_1871,M0x30MCx2954
train_1872,M0x30MCx2956
train_1873,M0x30MCx2974
train_1874,M0x30MCx2977
train_1875,M0x30MCx2983
train_1876,M0x30MCx3017
train_1877,M0x30MCx3018
train_1878,M0x30MCx3021
train_1879,M0x30MCx3025
train_1880,M0x30MCx3030
train_1881,M0x30MCx3059
train_1882,M0x30MCx3066
train_1883,M0x30MCx3070
train_1884,M0x30MCx3087
train_1885,M0x30MCx3091
train_1886,M0x30MCx3100
train_1887,M0x30MCx3114
train_1888,M0x30MCx3120
train_1889,M0x30MCx3152
train_1890,M0x30MCx3154
train_1891,M0x30MCx3160
train_1892,M0x30MCx3161
train_1893,M0x30MCx3164
train_1894,M0x30MCx3167
train_1895,M0x30MCx3171
train_1896,M0x30MCx3180
train_1897,M0x30MCx3190
train_1898,M0x30MCx3191
train_1899,M0x30MCx3203
train_1900,M0x30MCx3208
train_1901,M0x30MCx3215
train_1902,M0x30MCx3249
train_1903,M0x30MCx3256
train_1904,M0x30MCx3270
train_1905,M0x30MCx3279
train_1906,M0x30MCx3305
train_1907,M0x30MCx3314
train_1908,M0x30MCx3340
train_1909,M0x30MCx3367
train_1910,M0x30MCx3372
train_1911,M0x30MCx3375
train_1912,M0x30MCx3412
train_1913,ESS.0147
train_1914,ESS.0364
train_1915,ESS.0467
train_1916,ESS.0088
train_1917,ESS.0254
train_1918,ESS.0286
train_1919,ESS.0308
train_1920,ESS.0338
train_1921,ESS.0489
train_1922,ESS.0005
train_1923,ESS.0010
train_1924,ESS.0014
train_1925,ESS.0020
train_1926,ESS.0026
train_1927,ESS.0035
train_1928,ESS.0039
train_1929,ESS.0044
train_1930,ESS.0053
train_1931,ESS.0062
train_1932,ESS.0068
train_1933,ESS.0077
train_1934,ESS.0080
train_1935,ESS.0093
train_1936,ESS.0098
train_1937,ESS.0104
train_1938,ESS.0113
train_1939,ESS.0119
train_1940,ESS.0129
train_1941,ESS.0136
train_1942,ESS.0141
train_1943,ESS.0155
train_1944,ESS.0158
train_1945,ESS.0172
train_1946,ESS.0177
train_1947,ESS.0188
train_1948,ESS.0195
train_1949,ESS.0202
train_1950,ESS.0208
train_1951,ESS.0215
train_1952,ESS.0219
train_1953,ESS.0224
train_1954,ESS.0231
train_1955,ESS.0243
train_1956,ESS.0251
train_1957,ESS.0262
train_1958,ESS.0268
train_1959,ESS.0272
train_1960,ESS.0290
train_1961,ESS.0302
train_1962,ESS.0321
train_1963,ESS.0326
train_1964,ESS.0347
train_1965,ESS.0353
train_1966,ESS.0371
train_1967,ESS.0376
train_1968,ESS.0383
train_1969,ESS.0386
train_1970,ESS.0394
train_1971,ESS.0400
train_1972,ESS.0410
train_1973,ESS.0419
train_1974,ESS.0425
train_1975,ESS.0430
train_1976,ESS.0435
train_1977,ESS.0441
train_1978,ESS.0447
train_1979,ESS.0459
train_1980,ESS.0473
train_1981,ESS.0482
train_1982,ESS.0496
train_1983,ESS.0506
train_1984,ESS.0521
train_1985,ESS.0526
train_1986,ESS.0531
train_1987,ESS.0536
train_1988,ESS.0550
train_1989,ESS.0555
train_1990,ESS.0561
train_1991,ESS.0569
train_1992,ESS.0578
train_1993,ESS.0586
train_1994,ESS.0590
train_1995,ESS.0596
train_1996,ESS.0603
train_1997,ESS.0165
train_1998,ESS.0296
train_1999,ESS.0335
train_2000,ESS.0359
train_2001,ESS.0476
train_2002,ESS.0513
train_2003,ESS.0184
train_2004,ESS.0280
train_2005,ESS.0452
train_2006,ESS.0542
train_2214,CON.002
train_2215,CON.003
train_2216,CON.004
train_2217,CON.005
train_2218,CON.006
train_2219,CON.007
train_2220,CON.008
train_2221,CON.009
train_2222,CON.010
train_2223,CON.011
train_2224,CON.012
train_2225,CON.013
train_2226,CON.014
train_2227,CON.015
train_2228,CON.016
train_2229,CON.017
train_2230,CON.019
train_2231,CON.020
train_2232,CON.021
train_2233,CON.022
train_2234,CON.023
train_2235,CON.024
train_2236,CON.026
train_2237,CON.027
train_2238,CON.028
train_2239,CON.029
train_2240,CON.030
train_2241,CON.031
train_2242,CON.032
train_2243,CON.033
train_2244,CON.035
train_2245,CON.036
train_2246,CON.037
train_2247,CON.038
train_2248,CON.039
train_2249,CON.040
train_2250,CON.041
train_2251,CON.042
train_2252,CON.043
train_2253,CON.044
train_2254,CON.045
train_2255,CON.046
train_2256,CON.047
train_2257,CON.048
train_2258,CON.049
train_2259,CON.050
train_2260,CON.051
train_2261,CON.052
train_2262,CON.053
train_2263,CON.054
train_2264,CON.055
train_2265,CON.056
train_2266,CON.057
train_2267,CON.058
train_2268,CON.059
train_2269,CON.060
train_2270,CON.061
train_2271,CON.062
train_2272,CON.063
train_2273,CON.065
train_2274,CON.066
train_2275,CON.067
train_2276,CON.068
train_2277,CON.069
train_2278,CON.070
train_2279,CON.071
train_2280,CON.072
train_2281,CON.073
train_2282,CON.074
train_2283,CON.075
train_2284,CON.076
train_2285,CON.077
train_2286,CON.078
train_2287,CON.079
train_2288,CON.080
train_2289,CON.081
train_2290,CON.082
train_2291,CON.083
train_2292,CON.084
train_2293,CON.085
train_2294,CON.086
train_2295,CON.088
train_2296,CON.089
train_2297,CON.090
train_2298,CON.091
train_2299,CON.092
train_2300,CON.093
train_2301,CON.094
train_2302,CON.095
train_2303,CON.096
train_2304,CON.097
train_2305,CON.098
train_2306,CON.100
train_2307,CON.101
train_2308,CON.102
train_2309,CON.103
train_2310,CON.104
train_2311,CON.105
train_2312,CON.106
train_2313,CON.107
train_2314,CON.108
train_2315,CON.109
train_2316,CON.110
train_2317,CON.111
train_2318,DLF001
train_2319,DLF002
train_2320,DLF003
train_2321,DLF004
train_2322,DLF005
train_2323,DLF006
train_2324,DLF007
train_2325,DLF008
train_2326,DLF009
train_2327,DLF010
train_2328,DLF012
train_2329,DLF013
train_2330,DLF014
train_2331,DLM001
train_2332,DLM002
train_2333,DLM003
train_2334,DLM004
train_2335,DLM005
train_2336,DLM006
train_2337,DLM007
train_2338,DLM008
train_2339,DLM009
train_2340,DLM010
train_2341,DLM011
train_2342,DLM012
train_2343,DLM013
train_2344,DLM014
train_2345,DLM015
train_2346,DLM016
train_2347,DLM017
train_2348,DLM018
train_2349,DLM019
train_2350,DLM020
train_2351,DLM021
train_2352,DLM022
train_2353,DLM023
train_2354,DLM024
train_2355,DLM027
train_2356,DLM028
train_2357,DOF002
train_2358,DOF003
train_2359,DOF006
train_2360,DOF007
train_2361,DOF008
train_2362,DOF009
train_2363,DOF010
train_2364,DOF011
train_2365,DOF012
train_2366,DOF013
train_2367,DOF014
train_2368,DOM001
train_2369,DOM003
train_2370,DOM005
train_2371,DOM010
train_2372,DOM012
train_2373,DOM013
train_2374,DOM014
train_2375,DOM015
train_2376,DOM016
train_2377,DOM017
train_2378,DOM018
train_2379,DOM019
train_2380,DOM020
train_2381,DOM021
train_2382,DOM022
train_2383,DOM023
train_2384,DOM024
train_2385,DOM025
train_2386,DOM026
train_2387,NLF001
train_2388,NLF002
train_2389,NLF005
train_2390,NLF006
train_2391,NLF007
train_2392,NLF008
train_2393,NLF009
train_2394,NLF010
train_2395,NLF011
train_2396,NLF012
train_2397,NLF013
train_2398,NLF014
train_2399,NLF015
train_2400,NLM001
train_2401,NLM002
train_2402,NLM003
train_2403,NLM004
train_2404,NLM006
train_2405,NLM007
train_2406,NLM008
train_2407,NLM009
train_2408,NLM010
train_2409,NLM015
train_2410,NLM016
train_2411,NLM017
train_2412,NLM021
train_2413,NLM022
train_2414,NLM023
train_2415,NLM024
train_2416,NLM025
train_2417,NLM026
train_2418,NLM027
train_2419,NLM028
train_2420,NLM029
train_2421,NLM031
train_2422,NLM032
train_2423,NOF001
train_2424,NOF002
train_2425,NOF005
train_2426,NOF006
train_2427,NOF007
train_2428,NOF008
train_2429,NOF009
train_2430,NOF010
train_2431,NOF011
train_2432,NOF012
train_2433,NOF013
train_2434,NOF014
train_2435,NOM001
train_2436,NOM002
train_2437,NOM004
train_2438,NOM005
train_2439,NOM007
train_2440,NOM008
train_2441,NOM009
train_2442,NOM010
train_2443,NOM012
train_2444,NOM014
train_2445,NOM015
train_2446,NOM016
train_2447,NOM017
train_2448,NOM018
train_2449,NOM019
train_2450,NOM020
train_2451,NOM022
train_2452,NOM023
train_2453,NOM025
train_2454,NOM026
train_2455,NOM027
train_2456,NOM028
train_2457,NOM029
train_2458,T2D.001
train_2459,T2D.002
train_2460,T2D.003
train_2461,T2D.004
train_2462,T2D.005
train_2463,T2D.006
train_2464,T2D.007
train_2465,T2D.008
train_2466,T2D.009
train_2467,T2D.010
train_2468,T2D.011
train_2469,T2D.012
train_2470,T2D.013
train_2471,T2D.014
train_2472,T2D.015
train_2473,T2D.016
train_2474,T2D.017
train_2475,T2D.018
train_2476,T2D.019
train_2477,T2D.020
train_2478,T2D.021
train_2479,T2D.022
train_2480,T2D.023
train_2481,T2D.024
train_2482,T2D.025
train_2483,T2D.026
train_2484,T2D.027
train_2485,T2D.028
train_2486,T2D.029
train_2487,T2D.030
train_2488,T2D.031
train_2489,T2D.032
train_2490,T2D.033
train_2491,T2D.034
train_2492,T2D.035
train_2493,T2D.036
train_2494,T2D.037
train_2495,T2D.038
train_2496,T2D.039
train_2497,T2D.040
train_2498,T2D.041
train_2499,T2D.042
train_2500,T2D.043
train_2501,T2D.044
train_2502,T2D.045
train_2503,T2D.046
train_2504,T2D.047
train_2505,T2D.048
train_2506,T2D.049
train_2507,T2D.050
train_2508,T2D.051
train_2509,T2D.052
train_2510,T2D.053
train_2511,T2D.054
train_2512,T2D.055
train_2513,T2D.056
train_2514,T2D.057
train_2515,T2D.059
train_2516,T2D.060
train_2517,T2D.061
train_2518,T2D.062
train_2519,T2D.063
train_2520,T2D.064
train_2521,T2D.066
train_2522,T2D.068
train_2523,T2D.069
train_2524,T2D.071
train_2525,T2D.072
train_2526,T2D.073
train_2527,T2D.074
train_2528,T2D.075
train_2529,T2D.076
train_2530,T2D.077
train_2531,T2D.078
train_2532,T2D.079
train_2533,T2D.080
train_2534,T2D.081
train_2535,T2D.082
train_2536,T2D.083
train_2537,T2D.084
train_2538,T2D.085
train_2539,T2D.086
train_2540,T2D.087
train_2541,T2D.088
train_2542,T2D.089
train_2543,T2D.090
train_2544,T2D.091
train_2545,T2D.092
train_2546,T2D.093
train_2547,T2D.094
train_2548,T2D.095
train_2549,T2D.096
train_2550,T2D.097
train_2551,T2D.098
train_2552,T2D.099
train_2553,T2D.100
train_2554,T2D.101
train_2555,T2D.102
train_2556,T2D.103
train_2557,T2D.104
train_2558,T2D.105
train_2559,T2D.106
train_2560,T2D.107
train_2785,U_VS.1590.365
train_2786,U_VS.1651.541
train_2787,U_VS.1686.548
train_2788,U_VS.1226.705
train_2789,U_VS.1590.529
train_2790,U_VS.1540.523
train_2791,U_VS.1226.261
train_2792,U_VS.4218.876
train_2793,U_VS.3059.665
train_2794,U_VS.1506.333
train_2795,U_VS.3059.508
train_2796,U_VS.1686.403
train_2797,U_VS.1540.350
train_2798,U_VS.1506.127
train_2799,U_VS.3145.692
train_2800,U_VS.1592.367
train_2801,U_VS.3145.837
train_2802,U_VS.1592.169
train_2803,U_VS.P610052.1
train_2804,U_VS.P610096.1
train_2805,U_VS.P610119.1
train_2806,U_VS.P610129.1
train_2807,CM.103_WGS
train_2808,CM.105_WGS
train_2809,CM.107_WGS
train_2810,CM.109_WGS
train_2811,CM.111_WGS
train_2812,CM.118_WGS
train_2813,CM.126_WGS
train_2814,CM.129_WGS
train_2815,CM.13_WGS
train_2816,CM.131_WGS
train_2817,CM.132_WGS
train_2818,CM.138_WGS
train_2819,CM.139_WGS
train_2820,CM.146_WGS
train_2821,CM.147_WGS
train_2822,CM.152_WGS
train_2823,CM.16_WGS
train_2824,CM.160_WGS
train_2825,CM.162_WGS
train_2826,CM.164_WGS
train_2827,CM.165_WGS
train_2828,CM.168_WGS
train_2829,CM.17_WGS
train_2830,CM.172_WGS
train_2831,CM.175_WGS
train_2832,CM.176_WGS
train_2833,CM.177_WGS
train_2834,CM.179_WGS
train_2835,CM.18_WGS
train_2836,CM.186_WGS
train_2837,CM.19_WGS
train_2838,CM.194_WGS
train_2839,CM.195_WGS
train_2840,CM.199_WGS
train_2841,CM.20_WGS
train_2842,CM.203_WGS
train_2843,CM.206_WGS
train_2844,CM.208_WGS
train_2845,CM.210_WGS
train_2846,CM.211_WGS
train_2847,CM.212_WGS
train_2848,CM.215_WGS
train_2849,CM.219_WGS
train_2850,CM.220_WGS
train_2851,CM.222_WGS
train_2852,CM.223_WGS
train_2853,CM.226_WGS
train_2854,CM.227_WGS
train_2855,CM.228_WGS
train_2856,CM.231_WGS
train_2857,CM.232_WGS
train_2858,CM.233_WGS
train_2859,CM.234_WGS
train_2860,CM.235_WGS
train_2861,CM.237_WGS
train_2862,CM.239_WGS
train_2863,CM.24_WGS
train_2864,CM.247_WGS
train_2865,CM.249_WGS
train_2866,CM.25_WGS
train_2867,CM.251_WGS
train_2868,CM.253_WGS
train_2869,CM.254_WGS
train_2870,CM.255_WGS
train_2871,CM.257_WGS
train_2872,CM.259_WGS
train_2873,CM.260_WGS
train_2874,CM.261_WGS
train_2875,CM.268_WGS
train_2876,CM.270_WGS
train_2877,CM.271_WGS
train_2878,CM.273_WGS
train_2879,CM.275_WGS
train_2880,CM.278_WGS
train_2881,CM.283_WGS
train_2882,CM.284_WGS
train_2883,CM.285_WGS
train_2884,CM.289_WGS
train_2885,CM.29_WGS
train_2886,CM.291_WGS
train_2887,CM.294_WGS
train_2888,CM.30_WGS
train_2889,CM.308_WGS
train_2890,CM.31_WGS
train_2891,CM.310_WGS
train_2892,CM.315_WGS
train_2893,CM.316_WGS
train_2894,CM.317_WGS
train_2895,CM.32_WGS
train_2896,CM.328_WGS
train_2897,CM.335_WGS
train_2898,CM.339_WGS
train_2899,CM.340_WGS
train_2900,CM.342_WGS
train_2901,CM.343_WGS
train_2902,CM.345_WGS
train_2903,CM.347_WGS
train_2904,CM.358_WGS
train_2905,CM.361_WGS
train_2906,CM.364_WGS
train_2907,CM.366_WGS
train_2908,CM.367_WGS
train_2909,CM.369_WGS
train_2910,CM.370_WGS
train_2911,CM.373_WGS
train_2912,CM.375_WGS
train_2913,CM.376_WGS
train_2914,CM.378_WGS
train_2915,CM.382_WGS
train_2916,CM.389_WGS
train_2917,CM.390_WGS
train_2918,CM.392_WGS
train_2919,CM.395_WGS
train_2920,CM.397_WGS
train_2921,CM.401_WGS
train_2922,CM.402_WGS
train_2923,CM.403_WGS
train_2924,CM.408_WGS
train_2925,CM.409_WGS
train_2926,CM.41_WGS
train_2927,CM.410_WGS
train_2928,CM.412_WGS
train_2929,CM.413_WGS
train_2930,CM.418_WGS
train_2931,CM.425_WGS
train_2932,CM.432_WGS
train_2933,CM.437_WGS
train_2934,CM.438_WGS
train_2935,CM.439_WGS
train_2936,CM.44_WGS
train_2937,CM.443_WGS
train_2938,CM.445_WGS
train_2939,CM.454_WGS
train_2940,CM.46_WGS
train_2941,CM.486_WGS
train_2942,CM.490_WGS
train_2943,CM.506_WGS
train_2944,CM.511_WGS
train_2945,CM.512_WGS
train_2946,CM.514_WGS
train_2947,CM.520_WGS
train_2948,CM.521_WGS
train_2949,CM.525_WGS
train_2950,CM.528_WGS
train_2951,CM.530_WGS
train_2952,CM.532_WGS
train_2953,CM.536_WGS
train_2954,CM.55_WGS
train_2955,CM.553_WGS
train_2956,CM.555_WGS
train_2957,CM.57_WGS
train_2958,CM.574_WGS
train_2959,CM.580_WGS
train_2960,CM.64_WGS
train_2961,CM.65_WGS
train_2962,CM.67_WGS
train_2963,CM.7_WGS
train_2964,CM.70_WGS
train_2965,CM.75_WGS
train_2966,CM.79_WGS
train_2967,CM.80_WGS
train_2968,CM.82_WGS
train_2969,CM.86_WGS
train_2970,CM.90_WGS
train_2971,CM.94_WGS
train_2972,CM.97_WGS
train_2973,CA03
train_2974,CA04
train_2975,CA06
train_2976,CA08
train_2977,CA12
train_2978,CA14
train_2979,CA15
train_2980,CA16
train_2981,CA17
train_2982,CA19
train_2983,CA20
train_2984,CA21
train_2985,CA22
train_2986,CA23
train_2987,CA25
train_2988,CA27
train_2989,CA28
train_2990,CA30
train_2991,CA33
train_2992,CA36
train_2993,CA37
train_2994,CA38
train_2995,CA41
train_2996,LILT_GF15_16
train_2997,LILT_GF16_T017
train_2998,LILT_GF17_16
train_2999,LILT_GF18_T016
train_3000,LILT_VF02_T016
train_3001,LILT_VF04_16
train_3002,LILT_VF07_16
train_3003,LILT_VF102_T017
train_3004,LILT_VF107_16
train_3005,LILT_VF114_T017
train_3006,LILT_VF120_16
train_3007,LILT_VF145_T017
train_3008,LILT_VF166_T017
train_3009,LILT_VF174_T017
train_3010,LILT_VF176_T017
train_3011,LILT_VF30_16
train_3012,LILT_VF31_16
train_3013,LILT_VF37_16
train_3014,LILT_VF38_16
train_3015,LILT_VF273_T017
train_3016,LILT_VF208_T017
train_3017,LILT_VF216_T017
train_3018,LILT_VF232_T017
train_3019,LILT_VF251_T017
train_3020,LILT_VF259_T016
train_3021,LILT_VF206_T016
train_3022,LILT_VF212_T016
train_3023,LILT_VF214_T016
train_3024,LILT_VF261_T016
train_3025,LILT_VF262_T016
train_3026,LILT_VF263_T016
train_3027,LILT_VF265_T016
train_3028,LILT_VF279_T016
train_3029,LILT_VF300_T016
train_3030,LILT_VF301_T016
train_3031,LILT_VF10_T016
train_3032,LILT_VF140_T016
train_3033,LILT_VF189_T016
train_3034,LILT_VF28_T016
train_3035,LILT_VF82_T016
train_3036,LILT_VF97_16
train_3037,LILT_VF43_16
train_3038,LILT_VF66_T017
train_3039,LILT_VF60_T016
train_3040,LILT_VF270_T017
train_3041,LILT_VF47_16
train_3042,LILT_VF217_T017
train_3043,LILT_VF29_16
train_3044,LILT_VF56_16
train_3045,LILT_VF65_16
train_3046,LILT_VF90_16
train_3047,LILT_VF69_16
train_3048,LILT_VF71_16
train_3049,LILT_VF70_16
train_3050,LILT_VF50_16
train_3051,LILT_VF55_T017
train_3052,LILT_VF73_16
train_3053,LILT_VF77_16
train_3054,LILT_VF84_16
train_3055,LILT_VF207_T017
train_3056,LILT_VF281_T017
train_3057,LILT_VF172_T017
train_3058,LILT_VF100_T016
train_3059,LILT_VF154_T017
train_3060,LILT_VF197_T017
train_3061,LILT_VF32_T016
train_3062,LILT_VF35_16
train_3063,CRC_MR_SBJ02C_17
train_3064,CRC_MR_SBJ03H_17
train_3065,CRC_MR_SBJ04C_17
train_3066,CRC_MR_SBJ05C_17
train_3067,CRC_MR_SBJ07C_17
train_3068,CRC_MR_SBJ10C_17
train_3069,CRC_MR_SBJ11C_17
train_3070,CRC_MR_SBJ17H_17
train_3071,CRC_MR_SBJ18H_17
train_3072,CRC_MR_SBJ20C_17
train_3073,CRC_MR_SBJ21H_17
train_3074,CRC_MR_SBJ22C_17
train_3075,CRC_MR_SBJ24H_17
train_3076,CRC_MR_SBJ25C_17
train_3077,CRC_MR_SBJ26C_17
train_3078,CRC_MR_SBJ27C_17
train_3079,CRC_MR_SBJ29C_17
train_3080,CRC_MR_SBJ31C_17
train_3081,CRC_MR_SBJ32C_17
train_3082,CRC_MR_SBJ33C_17
train_3083,CRC_MR_SBJ34H_17
train_3084,CRC_MR_SBJ35C_17
train_3085,CRC_MR_SBJ36C_17
train_3086,CRC_MR_SBJ37H_17
train_3087,CRC_MR_SBJ39C_17
train_3088,CRC_MR_SBJ40C_17
train_3089,CRC_MR_SBJ42C_17
train_3090,CRC_MR_SBJ45H_17
train_3091,CRC_MR_SBJ49C_17
train_3092,CRC_MR_SBJ50C_17
train_3093,CRC_MR_SBJ51C_17
train_3094,CRC_MR_SBJ52C_17
train_3095,CRC_MR_SBJ53C_17
train_3096,CRC_MR_SBJ55C_17
train_3097,CRC_MR_SBJ57H_17
train_3098,CRC_MR_SBJ60H_17
train_3099,CRC_MR_SBJ61C_17
train_3100,CRC_MR_SBJ63H_17
train_3101,CRC_MR_SBJ64C_17
train_3102,CRC_MR_SBJ65H_17
train_3103,CRC_MR_SBJ67H_17
train_3104,CRC_MR_SBJ68H_17
train_3105,CRC_MR_SBJ69H_17
train_3106,CRC_MR_SBJ73H_17
train_3107,CRC_MR_SBJ74H_17
train_3108,CRC_MR_SBJ75H_17
train_3109,CRC_MR_SBJ77H_17
train_3110,CRC_MR_SBJ78H_17
train_3111,CRC_MR_SBJ79H_17
train_3112,CRC_MR_SBJ81H_17
train_3113,CRC_MR_SBJ82H_17
train_3114,CRC_MR_SBJ83H_17
train_3115,CRC_MR_SBJ84H_17
train_3116,HJKHJADXX_PG0783_98A0717_H1_L001
train_3117,HJKJJADXX_PG0783_92A0603_H1_L002
train_3118,HJKJ2ADXX_PG0783_27A0405_H1_L001
train_3119,HJKTNADXX_PG0783_147A0704_H1_L002
train_3120,HJK7VADXX_PG0783_31A0502_H1_L002
train_3121,HJKHTADXX_PG0783_55A0104_H1_L001
train_3122,mix6_N707.N504_CTCTCTAC.AGAGTAGA
train_3123,BHCNG3ADXX.N705.S502_GGACTCCT.CTCTCTAT
train_3124,BHCNK3ADXX.N706.S507_TAGGCATG.AAGGAGTA
train_3125,BHCNG3ADXX.N708.S502_CAGAGAGG.CTCTCTAT
train_3126,HGKT5ADXX_PG0662_09A0202_H2
train_3127,HJKHTADXX_PG0783_65A0205_H1_L002
train_3128,mix2_N711.N504_AAGAGGCA.AGAGTAGA
train_3129,BHCNG3ADXX.N709.S502_GCTACGCT.CTCTCTAT
train_3130,BHCNG3ADXX.N711.S502_AAGAGGCA.CTCTCTAT
train_3131,mix20.N702.S501_CGTACTAG.TAGATCGC
train_3132,HJKNLADXX_PG0783_67A0207_H1_L002
train_3133,mix1_N702.N505_CGTACTAG.GTAAGGAG
train_3134,mix3_N707.N505_CTCTCTAC.GTAAGGAG
train_3135,HJKHJADXX_PG0783_75A0417_H1_L001
train_3136,AHCNC2ADXX.N708_CAGAGAGG
train_3137,mix2_N708.N504_CAGAGAGG.AGAGTAGA
train_3138,BHCNJJADXX.N703.S503_AGGCAGAA.TATCCTCT
train_3139,BHCNJJADXX.N705.S503_GGACTCCT.TATCCTCT
train_3140,HJKNLADXX_PG0783_82A0407_H1_L002
train_3141,BHCNG3ADXX.N701.S503_TAAGGCGA.TATCCTCT
train_3142,HJK7NADXX_PG0783_110A0106_H1_L002
train_3143,mix3_N706.N506_TAGGCATG.ACTGCATA
train_3144,mix2_N707.N503_CTCTCTAC.TATCCTCT
train_3145,mix3_N705.N506_GGACTCCT.ACTGCATA
train_3146,HJKTNADXX_PG0783_113A0203_H1_L001
train_3147,mix21_mix22.N705.S502_GGACTCCT.CTCTCTAT
train_3148,BHCNJJADXX.N708.S503_CAGAGAGG.TATCCTCT
train_3149,HJK7NADXX_PG0783_128A0406_H1_L002
train_3150,HJKTNADXX_PG0783_132A0504_H1_L002
train_3151,HJKTNADXX_PG0783_145A0703_H1_L001
train_3152,mix23_mix24.N703.S503_AGGCAGAA.TATCCTCT
train_3153,BHCTGKADXX.N707.S505_CTCTCTAC.GTAAGGAG
train_3154,BHCNK3ADXX.N712.S506_GTAGAGGA.ACTGCATA
train_3155,mix29_mix30.N710_CGAGGCTG
train_3156,mix33_mix34.N711.S506_AAGAGGCA.ACTGCATA
train_3157,BHCNM7ADXX.N712.S508_GTAGAGGA.CTAAGCCT
train_3158,BHCNK3ADXX.N711.S506_AAGAGGCA.ACTGCATA
train_3159,BHCNFHADXX.N710.S505_CGAGGCTG.GTAAGGAG
train_3160,AHCNC2ADXX.N710_CGAGGCTG
train_3161,AHCNMFADXX.N709.S507_GCTACGCT.AAGGAGTA
train_3162,AHCNMFADXX.N712.S507_GTAGAGGA.AAGGAGTA
train_3163,AHCNMFADXX.N703.S508_AGGCAGAA.CTAAGCCT
train_3164,mix31_mix32.N705.S506_GGACTCCT.ACTGCATA
train_3165,mix33_mix34.N712.S506_GTAGAGGA.ACTGCATA
train_3166,mix35_mix36.N712.S507_GTAGAGGA.AAGGAGTA
train_3167,HGK7MADXX_PG0662_19A0305_H3_L001
train_3168,HGK7MADXX_PG0662_87A0503_H3_L002
train_3169,BHCNM7ADXX.N701.S511_TAAGGCGA.TCTCTCCG
train_3170,mix31_mix32.N702.S506_CGTACTAG.ACTGCATA
train_3171,HGKMWADXX_PG0662_92A0617_H3_L001
train_3172,HGKYWADXX_PG0662_255A0407_H1_L001
train_3173,HGKYWADXX_PG0662_245A0305_H1_L002
train_3174,HGKMWADXX_PG0662_166A0807_H3_L002
train_3175,HGKFCADXX_PG0662_168A0902_H3_L001
train_3176,HGKMWADXX_PG0662_95A0604_H3_L002
train_3177,HGK52ADXX_PG0662_172A0906_H3_L001
train_3178,HGKY7ADXX_PG0662_182A0217_H1_L002
train_3179,HGKY7ADXX_PG0662_239A0206_H1_L001
train_3180,HGKYVADXX_PG0662_320A0604_H1_L002
train_3181,HGKY7ADXX_PG0662_178A0104_H1_L002
train_3182,HGKY5ADXX_PG0662_332A0817_H1_L001
train_3183,HJK7MADXX_PG0783_04A0104_H1_L002
train_3184,HGKYWADXX_PG0662_259A0504_H1_L001
train_3185,HGKY7ADXX_PG0662_179A0105_H1_L002
train_3186,HGKYVADXX_PG0662_98A0607_H3_L001
train_3187,HJKJJADXX_PG0783_14A0207_H1_L001
train_3188,HGKYVADXX_PG0662_104A0704_H3_L001
train_3189,HJKJ2ADXX_PG0783_19A0305_H1_L001
train_3190,HJK7VADXX_PG0783_22A0417_H1_L001
train_3191,HJK7VADXX_PG0783_23A0402_H1_L002
train_3192,MMRS11664448ST.27.0.0
train_3193,MMRS11932626ST.27.0.0
train_3194,MMRS12272136ST.27.0.0
train_3195,MMRS14379078ST.27.0.0
train_3196,MMRS14602194ST.27.0.0
train_3197,MMRS15137911ST.27.0.0
train_3198,MMRS16644320ST.27.0.0
train_3199,MMRS17603756ST.27.0.0
train_3200,MMRS17963147ST.27.0.0
train_3201,MMRS18295921ST.27.0.0
train_3202,MMRS20257302ST.27.0.0
train_3203,MMRS21365932ST.27.0.0
train_3204,MMRS24340226ST.27.0.0
train_3205,MMRS25211151ST.27.0.0
train_3206,MMRS25641480ST.27.0.0
train_3207,MMRS29805707ST.27.0.0
train_3208,MMRS31306426ST.27.0.0
train_3209,MMRS32573774ST.27.0.0
train_3210,MMRS33294861ST.27.0.0
train_3211,MMRS34525504ST.27.0.0
train_3212,MMRS34569532ST.27.0.0
train_3213,MMRS35808664ST.27.0.0
train_3214,MMRS36405092ST.27.0.0
train_3215,MMRS38861560ST.27.0.0
train_3216,MMRS38954404ST.27.0.0
train_3217,MMRS39415781ST.27.0.0
train_3218,MMRS39582183ST.27.0.0
train_3219,MMRS40913371ST.27.0.0
train_3220,MMRS41266697ST.27.0.0
train_3221,MMRS41711735ST.27.0.0
train_3222,MMRS42570301ST.27.0.0
train_3223,MMRS42780924ST.27.0.0
train_3224,MMRS43563715ST.27.0.0
train_3225,MMRS43939546ST.27.0.0
train_3226,MMRS44197125ST.27.0.0
train_3227,MMRS44203591ST.27.0.0
train_3228,MMRS44587603ST.27.0.0
train_3229,MMRS47662059ST.27.0.0
train_3230,MMRS47685461ST.27.0.0
train_3231,MMRS48639115ST.27.0.0
train_3232,MMRS51307502ST.27.0.0
train_3233,MMRS51410669ST.27.0.0
train_3234,MMRS51728985ST.27.0.0
train_3235,MMRS51737257ST.27.0.0
train_3236,MMRS54246132ST.27.0.0
train_3237,MMRS54316675ST.27.0.0
train_3238,MMRS55294627ST.27.0.0
train_3239,MMRS56137463ST.27.0.0
train_3240,MMRS57276462ST.27.0.0
train_3241,MMRS57569834ST.27.0.0
train_3242,MMRS59699117ST.27.0.0
train_3243,MMRS61683006ST.27.0.0
train_3244,MMRS62192467ST.27.0.0
train_3245,MMRS62376181ST.27.0.0
train_3246,MMRS62666492ST.27.0.0
train_3247,MMRS64281211ST.27.0.0
train_3248,MMRS64281551ST.27.0.0
train_3249,MMRS65205033ST.27.0.0
train_3250,MMRS65742083ST.27.0.0
train_3251,MMRS65862658ST.27.0.0
train_3252,MMRS65945127ST.27.0.0
train_3253,MMRS66868025ST.27.0.0
train_3254,MMRS67096717ST.27.0.0
train_3255,MMRS67247116ST.27.0.0
train_3256,MMRS67690541ST.27.0.0
train_3257,MMRS68630931ST.27.0.0
train_3258,MMRS71238091ST.27.0.0
train_3259,MMRS71762412ST.27.0.0
train_3260,MMRS72802364ST.27.0.0
train_3261,MMRS72980899ST.27.0.0
train_3262,MMRS73787048ST.27.0.0
train_3263,MMRS77018926ST.27.0.0
train_3264,MMRS77321055ST.27.0.0
train_3265,MMRS77487595ST.27.0.0
train_3266,MMRS78791111ST.27.0.0
train_3267,MMRS79893829ST.27.0.0
train_3268,MMRS80093644ST.27.0.0
train_3269,MMRS81130264ST.27.0.0
train_3270,MMRS81135225ST.27.0.0
train_3271,MMRS81194191ST.27.0.0
train_3272,MMRS81671217ST.27.0.0
train_3273,MMRS84085284ST.27.0.0
train_3274,MMRS84159866ST.27.0.0
train_3275,MMRS84954772ST.27.0.0
train_3276,MMRS85382779ST.27.0.0
train_3277,MMRS85438660ST.27.0.0
train_3278,MMRS85548821ST.27.0.0
train_3279,MMRS86168210ST.27.0.0
train_3280,MMRS86958796ST.27.0.0
train_3281,MMRS87723283ST.27.0.0
train_3282,MMRS88581325ST.27.0.0
train_3283,MMRS90191266ST.27.0.0
train_3284,MMRS91297590ST.27.0.0
train_3285,MMRS92544445ST.27.0.0
train_3286,MMRS92546335ST.27.0.0
train_3287,MMRS92727331ST.27.0.0
train_3288,MMRS93508324ST.27.0.0
train_3289,MMRS93621581ST.27.0.0
train_3290,MMRS94549160ST.27.0.0
train_3291,MMRS95479054ST.27.0.0
train_3292,MMRS95674036ST.27.0.0
train_3293,MMRS96422329ST.27.0.0
train_3294,MMRS97052561ST.27.0.0
train_3295,MMRS97307143ST.27.0.0
train_3296,MMRS97327636ST.27.0.0
train_3297,MMRS99045180ST.27.0.0
train_3298,CCMD13934959ST.21.0
train_3299,CCMD14479708ST.21.0
train_3300,CCMD18872694ST.21.0
train_3301,CCMD19497912ST.21.0
train_3302,CCMD26925580ST.21.0
train_3303,CCMD35802077ST.21.0
train_3304,CCMD46222674ST.21.0
train_3305,CCMD50071957ST.21.0
train_3306,CCMD51864103ST.21.0
train_3307,CCMD63399960ST.21.0
train_3308,MMPU68403337ST
train_3309,CCMD10191450ST.11.0
train_3310,CCMD18579000ST.11.0
train_3311,CCMD21703880ST.11.0
train_3312,CCMD22852639ST.11.0
train_3313,CCMD25475945ST.11.0
train_3314,CCMD26625622ST.11.0
train_3315,CCMD29706695ST.11.0
train_3316,CCMD32965613ST.11.0
train_3317,CCMD41521570ST.11.0
train_3318,CCMD45004878ST.11.0
train_3319,CCMD45812507ST.11.0
train_3320,CCMD52117727ST.11.0
train_3321,CCMD53522274ST.11.0
train_3322,CCMD65222621ST.11.0
train_3323,CCMD65406197ST.11.0
train_3324,CCMD68973846ST.11.0
train_3325,CCMD71242853ST.11.0
train_3326,CCMD71915439ST.11.0
train_3327,CCMD72666896ST.11.0
train_3328,CCMD76222476ST.11.0
train_3329,CCMD79349503ST.11.0
train_3330,CCMD89107682ST.11.0
train_3331,CCMD89643949ST.11.0
train_3332,CCMD98198513ST.11.0
train_3333,CCMD98531134ST.11.0
train_3334,CCMD98702133ST.11.0
train_3335,CCMD11006829ST.21.0
train_3336,CCMD12232071ST.21.0
train_3337,CCMD23101338ST.21.0
train_3338,CCMD25511638ST.21.0
train_3339,CCMD25963797ST.21.0
train_3340,CCMD26709089ST.21.0
train_3341,CCMD34381688ST.21.0
train_3342,CCMD40701343ST.21.0
train_3343,CCMD42428553ST.21.0
train_3344,CCMD45988061ST.21.0
train_3345,CCMD46947453ST.21.0
train_3346,CCMD48236717ST.21.0
train_3347,CCMD60079086ST.21.0
train_3348,CCMD64776337ST.21.0
train_3349,CCMD72895164ST.21.0
train_3350,CCMD74930188ST.21.0
train_3351,CCMD79987997ST.21.0
train_3352,CCMD82866709ST.21.0
train_3353,CCMD86114146ST.21.0
train_3354,CCMD86707194ST.21.0
train_3355,CCMD87156761ST.21.0
train_3356,CCMD88272491ST.21.0
train_3357,CCMD90311071ST.21.0
train_3358,CCMD95433940ST.21.0
train_3359,CCMD96553385ST.21.0
train_3360,MMPU29365221ST
train_3361,MMPU72854103ST
train_3362,MMPU84450604ST
train_3363,MMPU99077057ST
train_3364,CCMD10032470ST.11.0
train_3365,CCMD15562448ST.11.0
train_3366,CCMD17410933ST.11.0
train_3367,CCMD18829815ST.11.0
train_3368,CCMD19168690ST.11.0
train_3369,CCMD21593359ST.11.0
train_3370,CCMD23541216ST.11.0
train_3371,CCMD27463710ST.11.0
train_3372,CCMD27867141ST.11.0
train_3373,CCMD28738636ST.11.0
train_3374,CCMD30626189ST.11.0
train_3375,CCMD30627121ST.11.0
train_3376,CCMD31009081ST.11.0
train_3377,CCMD31134579ST.11.0
train_3378,CCMD32288175ST.11.0
train_3379,CCMD35081859ST.11.0
train_3380,CCMD35633353ST.11.0
train_3381,CCMD35801800ST.11.0
train_3382,CCMD37575804ST.11.0
train_3383,CCMD38158721ST.11.0
train_3384,CCMD39157124ST.11.0
train_3385,CCMD39882286ST.11.0
train_3386,CCMD46727384ST.11.0
train_3387,CCMD49025643ST.11.0
train_3388,CCMD49461418ST.11.0
train_3389,CCMD49942357ST.11.0
train_3390,CCMD50300306ST.11.0
train_3391,CCMD50529145ST.11.0
train_3392,CCMD50538120ST.11.0
train_3393,CCMD51154251ST.11.0
train_3394,CCMD51228890ST.11.0
train_3395,CCMD52145360ST.11.0
train_3396,CCMD53508245ST.11.0
train_3397,CCMD54057834ST.11.0
train_3398,CCMD56948710ST.11.0
train_3399,CCMD59540613ST.11.0
train_3400,CCMD59583015ST.11.0
train_3401,CCMD66848156ST.11.0
train_3402,CCMD67373733ST.11.0
train_3403,CCMD72690923ST.11.0
train_3404,CCMD73128545ST.11.0
train_3405,CCMD74592084ST.11.0
train_3406,CCMD75147712ST.11.0
train_3407,CCMD76409700ST.11.0
train_3408,CCMD85481373ST.11.0
train_3409,CCMD85661207ST.11.0
train_3410,CCMD89306485ST.11.0
train_3411,CCMD89967135ST.11.0
train_3412,CCMD92404903ST.11.0
train_3413,CCMD93755960ST.11.0
train_3414,CCMD95431029ST.11.0
train_3415,CCMD95676152ST.11.0
train_3416,SAMD00114910
train_3417,SAMD00114945
train_3418,SAMD00114954
train_3419,SAMD00114937
train_3420,SAMD00114888
train_3421,SAMD00114870
train_3422,SAMD00114926
train_3423,SAMD00114911
train_3424,SAMD00114921
train_3425,SAMD00114951
train_3426,SAMD00114913
train_3427,SAMD00114889
train_3428,SAMD00114871
train_3429,SAMD00114922
train_3430,SAMD00114912
train_3431,SAMD00114923
train_3432,SAMD00114953
train_3433,SAMD00114946
train_3434,SAMD00114924
train_3435,SAMD00114914
train_3436,SAMD00114896
train_3437,SAMD00114925
train_3438,SAMD00114877
train_3439,SAMD00114955
train_3440,SAMD00114956
train_3441,SAMD00114916
train_3442,SAMD00114917
train_3443,SAMD00114897
train_3444,SAMD00114878
train_3445,SAMD00114933
train_3446,SAMD00114941
train_3447,SAMD00114915
train_3448,SAMD00114771
train_3449,SAMD00115020
train_3450,SAMD00115022
train_3451,SAMD00115024
train_3452,SAMD00115064
train_3453,SAMD00115029
train_3454,SAMD00115062
train_3455,SAMD00114997
train_3456,SAMD00115030
train_3457,SAMD00115063
train_3458,SAMD00114796
train_3459,SAMD00114999
train_3460,SAMD00114987
train_3461,SAMD00115028
train_3462,SAMD00114797
train_3463,SAMD00115061
train_3464,SAMD00114996
train_3465,SAMD00115033
train_3466,SAMD00114735
train_3467,SAMD00114988
train_3468,SAMD00114736
train_3469,SAMD00115036
train_3470,SAMD00114737
train_3471,SAMD00114980
train_3472,SAMD00115043
train_3473,SAMD00114738
train_3474,SAMD00114872
train_3475,SAMD00115000
train_3476,SAMD00115037
train_3477,SAMD00114938
train_3478,SAMD00114739
train_3479,SAMD00114890
train_3480,SAMD00114744
train_3481,SAMD00114745
train_3482,SAMD00114746
train_3483,SAMD00114747
train_3484,SAMD00114831
train_3485,SAMD00114891
train_3486,SAMD00114873
train_3487,SAMD00114748
train_3488,SAMD00114832
train_3489,SAMD00115014
train_3490,SAMD00114927
train_3491,SAMD00114928
train_3492,SAMD00115015
train_3493,SAMD00115025
train_3494,SAMD00115027
train_3495,SAMD00114971
train_3496,SAMD00114939
train_3497,SAMD00114972
train_3498,SAMD00115039
train_3499,SAMD00114929
train_3500,SAMD00114770
train_3501,SAMD00114930
train_3502,SAMD00114765
train_3503,SAMD00114978
train_3504,SAMD00114766
train_3505,SAMD00114892
train_3506,SAMD00114893
train_3507,SAMD00114979
train_3508,SAMD00114874
train_3509,SAMD00114767
train_3510,SAMD00114875
train_3511,SAMD00114768
train_3512,SAMD00114769
train_3513,SAMD00115035
train_3514,SAMD00114998
train_3515,SAMD00114932
train_3516,SAMD00114940
train_3517,SAMD00114894
train_3518,SAMD00115031
train_3519,SAMD00115032
train_3520,SAMD00114895
train_3521,SAMD00115065
train_3522,SAMD00114758
train_3523,SAMD00114759
train_3524,SAMD00114760
train_3525,SAMD00114876
train_3526,SAMD00114740
train_3527,SAMD00114741
train_3528,SAMD00114833
train_3529,SAMD00114742
train_3530,SAMD00114743
train_3531,SAMD00114757
train_3532,SAMD00115021
train_3533,SAMD00114934
train_3534,SAMD00115023
train_3535,SAMD00114973
train_3536,SAMD00114969
train_3537,SAMD00115018
train_3538,SAMD00114968
train_3539,SAMD00114970
train_3540,SAMD00115016
train_3541,SAMD00115017
train_3542,SAMD00115019
train_3543,SAMD00114942
train_3544,SAMD00114802
train_3545,SAMD00114815
train_3546,SAMD00114898
train_3547,SAMD00114935
train_3548,SAMD00114764
train_3549,SAMD00114974
train_3550,SAMD00114755
train_3551,SAMD00114834
train_3552,SAMD00114761
train_3553,SAMD00114944
train_3554,SAMD00114762
train_3555,SAMD00114763
train_3556,SAMD00114918
train_3557,SAMD00114936
train_3558,SAMD00114943
train_3559,SAMD00114908
train_3560,SAMD00114919
train_3561,SAMD00114920
train_3562,SAMD00114949
train_3563,SAMD00114909
train_3564,SAMD00114984
train_3565,SAMD00115041
train_3566,SAMD00114772
train_3567,SAMD00114773
train_3568,SAMD00114718
train_3569,SAMD00115040
train_3570,SAMD00114976
train_3571,SAMD00114977
train_3572,SAMD00114719
train_3573,SAMD00114720
train_3574,SAMD00114981
train_3575,SAMD00114800
train_3576,SAMD00115042
train_3577,SAMD00114721
train_3578,SAMD00114722
train_3579,SAMD00114985
train_3580,SAMD00115045
train_3581,SAMD00114986
train_3582,SAMD00115046
train_3583,SAMD00115047
train_3584,SAMD00114775
train_3585,SAMD00114982
train_3586,SAMD00114793
train_3587,SAMD00114780
train_3588,SAMD00114781
train_3589,SAMD00114794
train_3590,SAMD00114795
train_3591,SAMD00114723
train_3592,SAMD00114724
train_3593,SAMD00114798
train_3594,SAMD00114799
train_3595,SAMD00114975
train_3596,SAMD00114990
train_3597,SAMD00114991
train_3598,SAMD00114992
train_3599,SAMD00115048
train_3600,SAMD00115049
train_3601,SAMD00115050
train_3602,SAMD00115051
train_3603,SAMD00115052
train_3604,SAMD00114750
train_3605,SAMD00114776
train_3606,SAMD00114777
train_3607,SAMD00115056
train_3608,SAMD00115058
train_3609,SAMD00115053
train_3610,SAMD00115054
train_3611,SAMD00114778
train_3612,SAMD00114993
train_3613,SAMD00114779
train_3614,SAMD00115055
train_3615,SAMD00114782
train_3616,SAMD00114753
train_3617,SAMD00114754
train_3618,SAMD00114994
train_3619,SAMD00115044
train_3620,SAMD00114751
train_3621,SAMD00114752
train_3622,SAMD00114774
train_3623,SAMD00114790
train_3624,SAMD00115001
train_3625,SAMD00114731
train_3626,SAMD00114822
train_3627,SAMD00114791
train_3628,SAMD00114792
train_3629,SAMD00114732
train_3630,SAMD00114733
train_3631,SAMD00114823
train_3632,SAMD00114857
train_3633,SAMD00114842
train_3634,SAMD00114783
train_3635,SAMD00114784
train_3636,SAMD00114858
train_3637,SAMD00114824
train_3638,SAMD00114843
train_3639,SAMD00115008
train_3640,SAMD00114785
train_3641,SAMD00114734
train_3642,SAMD00114725
train_3643,SAMD00114825
train_3644,SAMD00114817
train_3645,SAMD00114844
train_3646,SAMD00114786
train_3647,SAMD00115009
train_3648,SAMD00115057
train_3649,SAMD00114818
train_3650,SAMD00114845
train_3651,SAMD00115005
train_3652,SAMD00115006
train_3653,SAMD00114726
train_3654,SAMD00114727
train_3655,SAMD00114835
train_3656,SAMD00114846
train_3657,SAMD00115038
train_3658,SAMD00114836
train_3659,SAMD00114803
train_3660,SAMD00114847
train_3661,SAMD00114805
train_3662,SAMD00114848
train_3663,SAMD00114813
train_3664,SAMD00114806
train_3665,SAMD00114814
train_3666,SAMD00114826
train_3667,SAMD00114865
train_3668,SAMD00114866
train_3669,SAMD00114807
train_3670,SAMD00114808
train_3671,SAMD00114827
train_3672,SAMD00114828
train_3673,SAMD00114851
train_3674,SAMD00114809
train_3675,SAMD00114810
train_3676,SAMD00114829
train_3677,SAMD00114852
train_3678,SAMD00114867
train_3679,SAMD00114849
train_3680,SAMD00114830
train_3681,SAMD00114853
train_3682,SAMD00114811
train_3683,SAMD00114850
train_3684,SAMD00114862
train_3685,SAMD00114868
train_3686,SAMD00114869
train_3687,SAMD00114820
train_3688,SAMD00114821
train_3689,SAMD00114812
train_3690,SAMD00114863
train_3691,SAMD00114864
train_3692,SAMD00114854
train_3693,SAMD00114859
train_3694,SAMD00114728
train_3695,SAMD00114729
train_3696,SAMD00114837
train_3697,SAMD00114838
train_3698,SAMD00115007
train_3699,SAMD00115002
train_3700,SAMD00114787
train_3701,SAMD00115059
train_3702,SAMD00115011
train_3703,SAMD00114839
train_3704,SAMD00114788
train_3705,SAMD00115003
train_3706,SAMD00115012
train_3707,SAMD00115013
train_3708,SAMD00114840
train_3709,SAMD00114855
train_3710,SAMD00115010
train_3711,SAMD00114816
train_3712,SAMD00114856
train_3713,SAMD00115004
train_3714,SAMD00114819
train_3715,SAMD00114804
train_3716,SAMD00114861
train_3717,SAMD00114887
train_3718,SAMD00114789
train_3719,SAMD00164723
train_3720,SAMD00164727
train_3721,SAMD00164695
train_3722,SAMD00164734
train_3723,SAMD00164744
train_3724,SAMD00164746
train_3725,SAMD00164748
train_3726,SAMD00164750
train_3727,SAMD00154991
train_3728,SAMD00164756
train_3729,SAMD00164757
train_3730,SAMD00164758
train_3731,SAMD00154992
train_3732,SAMD00164708
train_3733,SAMD00164760
train_3734,SAMD00154993
train_3735,SAMD00164764
train_3736,SAMD00164713
train_3737,SAMD00136648
train_3738,SAMD00136653
train_3739,SAMD00164767
train_3740,SAMD00164769
train_3741,SAMD00164694
train_3742,SAMD00154994
train_3743,SAMD00164771
train_3744,SAMD00164717
train_3745,SAMD00164772
train_3746,SAMD00154995
train_3747,SAMD00164721
train_3748,SAMD00164773
train_3749,SAMD00164774
train_3750,SAMD00164776
train_3751,SAMD00164778
train_3752,SAMD00164780
train_3753,SAMD00164791
train_3754,SAMD00164801
train_3755,SAMD00164803
train_3756,SAMD00164804
train_3757,SAMD00164805
train_3758,SAMD00164806
train_3759,SAMD00164809
train_3760,SAMD00164812
train_3761,SAMD00164813
train_3762,SAMD00164814
train_3763,SAMD00164817
train_3764,SAMD00164818
train_3765,SAMD00164819
train_3766,SAMD00164820
train_3767,SAMD00164821
train_3768,SAMD00164822
train_3769,SAMD00164823
train_3770,SAMD00164824
train_3771,SAMD00164825
train_3772,SAMD00164826
train_3773,SAMD00164827
train_3774,SAMD00164828
train_3775,SAMD00164829
train_3776,SAMD00164830
train_3777,SAMD00164831
train_3778,SAMD00164832
train_3779,SAMD00164833
train_3780,SAMD00164834
train_3781,SAMD00164835
train_3782,SAMD00164836
train_3783,SAMD00164837
train_3784,SAMD00164838
train_3785,SAMD00164839
train_3786,SAMD00164840
train_3787,SAMD00164841
train_3788,SAMD00164842
train_3789,SAMD00164843
train_3790,SAMD00164844
train_3791,SAMD00164845
train_3792,SAMD00164846
train_3793,SAMD00164847
train_3794,SAMD00164848
train_3795,SAMD00164849
train_3796,SAMD00164850
train_3797,SAMD00164851
train_3798,SAMD00164852
train_3799,SAMD00164853
train_3800,SAMD00164854
train_3801,SAMD00164855
train_3802,SAMD00164856
train_3803,SAMD00164858
train_3804,SAMD00164859
train_3805,SAMD00164860
train_3806,SAMD00164861
train_3807,SAMD00164862
train_3808,SAMD00164863
train_3809,SAMD00164864
train_3810,SAMD00164865
train_3811,SAMD00164866
train_3812,SAMD00164867
train_3813,SAMD00164868
train_3814,SAMD00164869
train_3815,SAMD00164870
train_3816,SAMD00164871
train_3817,SAMD00164872
train_3818,SAMD00164873
train_3819,SAMD00164874
train_3820,SAMD00164875
train_3821,SAMD00164876
train_3822,SAMD00164877
train_3823,SAMD00164878
train_3824,SAMD00164879
train_3825,SAMD00164880
train_3826,SAMD00164881
train_3827,SAMD00164882
train_3828,SAMD00164883
train_3829,SAMD00164884
train_3830,SAMD00164885
train_3831,SAMD00164886
train_3832,SAMD00164887
train_3833,SAMD00164888
train_3834,SAMD00164889
train_3835,SAMD00164890
train_3836,SAMD00164891
train_3837,SAMD00164892
train_3838,SAMD00164893
train_3839,SAMD00164895
train_3840,SAMD00164896
train_3841,SAMD00164897
train_3842,SAMD00164899
train_3843,SAMD00164901
train_3844,SAMD00164902
train_3845,SAMD00164903
train_3846,SAMD00164904
train_3847,SAMD00164905
train_3848,SAMD00164907
train_3849,SAMD00164908
train_3850,SAMD00164909
train_3851,SAMD00164910
train_3852,SAMD00164911
train_3853,SAMD00164912
train_3854,SAMD00164913
train_3855,SAMD00164914
train_3856,SAMD00164915
train_3857,SAMD00164916
train_3858,SAMD00164917
train_3859,SAMD00164918
train_3860,SAMD00164919
train_3861,SAMD00164920
train_3862,SAMD00164921
train_3863,SAMD00164922
train_3864,SAMD00164924
train_3865,SAMD00164925
train_3866,SAMD00164926
train_3867,SAMD00164927
train_3868,SAMD00164928
train_3869,SAMD00164929
train_3870,SAMD00164930
train_3871,SAMD00164931
train_3872,SAMD00164932
train_3873,SAMD00164933
train_3874,SAMD00164934
train_3875,SAMD00164935
train_3876,SAMD00164936
train_3877,SAMD00164937
train_3878,SAMD00164939
train_3879,SAMD00164940
train_3880,SAMD00164941
train_3881,SAMD00164942
train_3882,SAMD00164943
train_3883,SAMD00164945
train_3884,SAMD00164946
train_3885,SAMD00164947
train_3886,SAMD00164948
train_3887,SAMD00164949
train_3888,SAMD00164950
train_3889,SAMD00164951
train_3890,SAMD00164952
train_3891,SAMD00164953
train_3892,SAMD00164954
train_3893,SAMD00164955
train_3894,SAMD00164956
train_3895,SAMD00164957
train_3896,SAMD00164958
train_3897,SAMD00164960
train_3898,SAMD00164961
train_3899,SAMD00164962
train_3900,SAMD00164963
train_3901,SAMD00164964
train_3902,SAMD00164965
train_3903,SAMD00164966
train_3904,SAMD00164967
train_3905,SAMD00164968
train_3906,SAMD00164969
train_3907,SAMD00164970
train_3908,SAMD00164971
train_3909,SAMD00164972
train_3910,SAMD00164973
train_3911,SAMD00164975
train_3912,SAMD00164976
train_3913,SAMD00164977
train_3914,SAMD00164978
train_3915,SAMD00164979
train_3916,SAMD00164980
train_3917,SAMD00164981
train_3918,SAMD00164982
train_3919,SAMD00164983
train_3920,SAMD00164984
train_3921,SAMD00164985
train_3922,SAMD00164986
train_3923,SAMD00164988
train_3924,SAMD00164989
train_3925,SAMD00164990
train_3926,SAMD00164991
train_3927,SAMD00164992
train_3928,SAMD00164994
train_3929,SAMD00164995
train_3930,SAMD00164996
train_3931,SAMD00164997
train_3932,SAMD00164998
train_3933,SAMD00164999
train_3934,SAMD00165000
train_3935,SAMD00165001
train_3936,SAMD00165002
train_3937,SAMD00165003
train_3938,SAMD00165004
train_3939,SAMD00165005
train_3940,SAMD00165006
train_3941,SAMD00165007
train_3942,SAMD00165008
train_3943,SAMD00165010
train_3944,SAMD00165011
train_3945,SAMD00165012
train_3946,SAMD00165014
train_3947,SAMD00165015
train_3948,SAMD00165016
train_3949,SAMD00165017
train_3950,SAMD00165018
train_3951,SAMD00165019
train_3952,SAMD00165020
train_3953,SAMD00165021
train_3954,SAMD00165022
train_3955,SAMD00165023
train_3956,SAMD00165024
train_3957,SAMD00165025
train_3958,SAMD00165026
train_3959,SAMD00165027
train_3960,SAMD00165028
train_3961,SAMD00165029
train_3962,SAMD00165030
train_3963,SAMD00165031
train_3964,SAMD00165032
train_3965,YEZ_BA2
train_3966,YEZ_N.24
train_3967,YEZ_BA4
train_3968,YEZ_BA3
train_3969,YEZ_N.41
train_3970,YEZ_N.42
train_3971,YEZ_N.35
train_3972,YEZ_N.36
train_3973,YEZ_N.40
train_3974,YEZ_N.30
train_3975,YEZ_N.44
train_3976,YEZ_N.39
train_3977,YEZ_N.29
train_3978,YEZ_N.43
train_3979,YEZ_N.32
train_3980,YEZ_N.31
train_3981,YEZ_N.26
train_3982,YEZ_N.25
train_3983,YEZ_N.46
train_3984,YEZ_N.27
train_3985,YEZ_BA11
train_3986,YEZ_BA5
train_3987,YEZ_BA15
train_3988,YEZ_BA13
train_3989,YEZ_BA17
train_3990,YEZ_BA10
train_3991,YEZ_BA19
train_3992,YEZ_BA18
train_3993,YEZ_N.45
train_3994,YEZ_N.38
train_3995,YEZ_N.37
train_3996,YEZ_BA8
train_3997,YEZ_N.28
train_3998,YEZ_N.4
train_3999,YEZ_N.34
train_4000,YEZ_BA16
train_4001,YEZ_BA7
train_4002,YEZ_BA6
train_4003,YEZ_BA21
train_4004,YEZ_BA22
train_4005,YEZ_BA1
train_4006,YEZ_BA12
train_4007,YEZ_N.22
train_4008,YEZ_N.23
train_4009,YEZ_N.20
train_4010,YEZ_N.21
train_4011,YEZ_N.10
train_4012,YEZ_N.9
train_4013,YEZ_N.48
train_4014,YEZ_N.47
train_4015,YEZ_N.14
train_4016,YEZ_N.13
train_4017,YEZ_N.8
train_4018,YEZ_N.1
train_4019,YEZ_N.12
train_4020,YEZ_N.11
train_4021,YEZ_N.17
train_4022,YEZ_N.16
train_4023,YEZ_N.15
train_4024,YEZ_N.2
train_4025,YEZ_N.19
train_4026,YEZ_N.18
train_4027,SZAXPI003410.3
train_4028,SZAXPI003411.6
train_4029,SZAXPI003412.1
train_4030,SZAXPI003413.4
train_4031,SZAXPI003414.3
train_4032,SZAXPI003415.12
train_4033,SZAXPI003417.4
train_4034,SZAXPI003418.8
train_4035,SZAXPI003419.6
train_4036,SZAXPI003420.4
train_4037,SZAXPI003421.5
train_4038,SZAXPI003422.11
train_4039,SZAXPI003423.8
train_4040,SZAXPI003424.12
train_4041,SZAXPI003425.1
train_4042,SZAXPI003426.11
train_4043,SZAXPI003427.1
train_4044,SZAXPI003428.6
train_4045,SZAXPI003429.3
train_4046,SZAXPI003430.5
train_4047,SZAXPI003431.1
train_4048,SZAXPI003432.12
train_4049,SZAXPI003433.7
train_4050,SZAXPI003435.11
train_4051,SZAXPI003436.7
train_4052,SZAXPI003437.3
train_4053,SZAXPI015209.133
train_4054,SZAXPI015210.17
train_4055,SZAXPI015211.166
train_4056,SZAXPI015212.113
train_4057,SZAXPI015213.15
train_4058,SZAXPI015214.19
train_4059,SZAXPI015215.20
train_4060,SZAXPI015216.169
train_4061,SZAXPI015217.140
train_4062,SZAXPI015218.16
train_4063,SZAXPI015219.129
train_4064,SZAXPI015220.136
train_4065,SZAXPI015221.142
train_4066,SZAXPI015222.123
train_4067,SZAXPI015223.158
train_4068,SZAXPI015224.13
train_4069,SZAXPI015225.18
train_4070,SZAXPI015226.14
train_4071,SZAXPI015227.13
train_4072,SZAXPI015228.14
train_4073,SZAXPI015229.15
train_4074,SZAXPI015230.16
train_4075,SZAXPI015231.17
train_4076,SZAXPI015232.18
train_4077,SZAXPI015233.19
train_4078,SZAXPI015234.20
train_4079,SZAXPI015235.21
train_4080,SZAXPI015237.23
train_4081,SZAXPI015239.25
train_4082,SZAXPI015240.26
train_4083,SZAXPI015241.27
train_4084,SZAXPI015242.30
train_4085,SZAXPI015243.31
train_4086,SZAXPI015244.32
train_4087,SZAXPI015245.33
train_4088,SZAXPI015246.34
train_4089,SZAXPI015247.35
train_4090,SZAXPI015249.37
train_4091,SZAXPI015250.39
train_4092,SZAXPI015251.41
train_4093,SZAXPI015252.43
train_4094,SZAXPI015253.44
train_4095,SZAXPI015254.45
train_4096,SZAXPI015255.46
train_4097,SZAXPI015256.47
train_4098,SZAXPI015258.57
train_4099,SZAXPI015259.62
train_4100,SZAXPI015260.74
train_4101,SZAXPI015261.75
train_4102,SZAXPI015262.79
train_4103,SZAXPI015263.84
train_4104,SZAXPI015264.87
train_4105,SZAXPI015265.88
train_4106,SZAXPI015266.89
train_4107,SZAXPI015267.102
train_4108,SZAXPI015268.109
train_4109,SZAXPI015269.94
train_4110,SZAXPI015270.90
train_4111,SZAXPI015271.93
train_4112,SZAXPI015272.108
train_4113,SZAXPI015273.95
train_4114,SZAXPI015274.111
train_4115,SZAXPI017451.16
train_4116,SZAXPI017453.19
train_4117,SZAXPI017454.20
train_4118,SZAXPI017456.23
train_4119,SZAXPI017457.24
train_4120,SZAXPI017458.25
train_4121,SZAXPI017459.26
train_4122,SZAXPI017460.27
train_4123,SZAXPI017461.32
train_4124,SZAXPI017462.33
train_4125,SZAXPI017463.36
train_4126,SZAXPI017464.37
train_4127,SZAXPI017465.43
train_4128,SZAXPI017466.84
train_4129,SZAXPI017467.87
train_4130,SZAXPI017468.88
train_4131,SZAXPI017580.90
train_4132,SZAXPI017581.93
train_4133,SZAXPI017582.94
train_4134,SZAXPI017583.102
train_4135,SZAXPI017584.108
train_4136,SZAXPI017585.109
train_4137,SZAXPI017586.111
train_4138,SZAXPI017587.113
train_4139,SZAXPI017589.133
train_4140,SZAXPI017590.136
train_4141,SZAXPI017591.140
train_4142,SZAXPI017592.142
train_4143,SZAXPI017593.158
train_4144,SZAXPI017594.166
train_4145,SZAXPI017595.169
train_4146,CCIS00281083ST.3.0
train_4147,CCIS02124300ST.4.0
train_4148,CCIS02379307ST.4.0
train_4149,CCIS02856720ST.4.0
train_4150,CCIS03473770ST.4.0
train_4151,CCIS03857607ST.4.0
train_4152,CCIS05314658ST.4.0
train_4153,CCIS06260551ST.3.0
train_4154,CCIS07277498ST.4.0
train_4155,CCIS07539127ST.4.0
train_4156,CCIS08668806ST.3.0
train_4157,CCIS09568613ST.4.0
train_4158,CCIS10706551ST.3.0
train_4159,CCIS10793554ST.4.0
train_4160,CCIS11015875ST.4.0
train_4161,CCIS11019776ST.4.0
train_4162,CCIS11354283ST.4.0
train_4163,CCIS11362406ST.4.0
train_4164,CCIS11558985ST.4.0
train_4165,CCIS12370844ST.4.0
train_4166,CCIS12656533ST.4.0
train_4167,CCIS13047523ST.4.0
train_4168,CCIS14449628ST.4.0
train_4169,CCIS15704761ST.4.0
train_4170,CCIS15794887ST.4.0
train_4171,CCIS16326685ST.4.0
train_4172,CCIS16383318ST.4.0
train_4173,CCIS16561622ST.4.0
train_4174,CCIS17669415ST.4.0
train_4175,CCIS19142497ST.3.0
train_4176,CCIS20795251ST.4.0
train_4177,CCIS21126322ST.4.0
train_4178,CCIS21278152ST.4.0
train_4179,CCIS22275061ST.4.0
train_4180,CCIS22906510ST.20.0
train_4181,CCIS22958137ST.20.0
train_4182,CCIS23164343ST.4.0
train_4183,CCIS24254057ST.4.0
train_4184,CCIS24898163ST.4.0
train_4185,CCIS25399172ST.4.0
train_4186,CCIS27304052ST.3.0
train_4187,CCIS27927933ST.4.0
train_4188,CCIS28384594ST.4.0
train_4189,CCIS29210128ST.4.0
train_4190,CCIS29688262ST.20.0
train_4191,CCIS31434951ST.20.0
train_4192,CCIS32105356ST.4.0
train_4193,CCIS32452666ST.4.0
train_4194,CCIS33816588ST.4.0
train_4195,CCIS34055159ST.4.0
train_4196,CCIS34604008ST.4.0
train_4197,CCIS35100175ST.4.0
train_4198,CCIS36699628ST.4.0
train_4199,CCIS36797902ST.4.0
train_4200,CCIS37250421ST.4.0
train_4201,CCIS41222843ST.4.0
train_4202,CCIS41288781ST.4.0
train_4203,CCIS41548810ST.4.0
train_4204,CCIS41692898ST.4.0
train_4205,CCIS41806458ST.4.0
train_4206,CCIS44093303ST.4.0
train_4207,CCIS44676181ST.4.0
train_4208,CCIS44743950ST.4.0
train_4209,CCIS44757994ST.4.0
train_4210,CCIS45793747ST.4.0
train_4211,CCIS46047672ST.4.0
train_4212,CCIS46467422ST.4.0
train_4213,CCIS47284573ST.4.0
train_4214,CCIS47745468ST.4.0
train_4215,CCIS48174381ST.4.0
train_4216,CCIS48507077ST.4.0
train_4217,CCIS48579360ST.4.0
train_4218,CCIS48725289ST.4.0
train_4219,CCIS50003399ST.4.0
train_4220,CCIS50148151ST.4.0
train_4221,CCIS50369211ST.20.0
train_4222,CCIS50471204ST.4.0
train_4223,CCIS51595129ST.4.0
train_4224,CCIS51667829ST.4.0
train_4225,CCIS52234160ST.4.0
train_4226,CCIS52370277ST.4.0
train_4227,CCIS53043478ST.4.0
train_4228,CCIS53355328ST.4.0
train_4229,CCIS53557295ST.4.0
train_4230,CCIS54027808ST.4.0
train_4231,CCIS55230578ST.4.0
train_4232,CCIS56503244ST.3.0
train_4233,CCIS59132091ST.4.0
train_4234,CCIS59903910ST.4.0
train_4235,CCIS61287323ST.4.0
train_4236,CCIS62794166ST.4.0
train_4237,CCIS63448910ST.4.0
train_4238,CCIS63468405ST.4.0
train_4239,CCIS63910149ST.4.0
train_4240,CCIS64773582ST.4.0
train_4241,CCIS64785924ST.20.0
train_4242,CCIS70398272ST.4.0
train_4243,CCIS71301801ST.4.0
train_4244,CCIS72607085ST.4.0
train_4245,CCIS74239020ST.4.0
train_4246,CCIS74726977ST.3.0
train_4247,CCIS76563044ST.4.0
train_4248,CCIS76845094ST.20.0
train_4249,CCIS77100899ST.4.0
train_4250,CCIS77252613ST.4.0
train_4251,CCIS78100604ST.4.0
train_4252,CCIS78318719ST.4.0
train_4253,CCIS79210440ST.3.0
train_4254,CCIS80834637ST.4.0
train_4255,CCIS81139242ST.4.0
train_4256,CCIS81710917ST.20.0
train_4257,CCIS81735969ST.20.0
train_4258,CCIS81887263ST.4.0
train_4259,CCIS82146115ST.4.0
train_4260,CCIS82507866ST.3.0
train_4261,CCIS82944710ST.20.0
train_4262,CCIS83445808ST.4.0
train_4263,CCIS83574003ST.4.0
train_4264,CCIS83870198ST.4.0
train_4265,CCIS84543192ST.4.0
train_4266,CCIS85214191ST.3.0
train_4267,CCIS87116798ST.4.0
train_4268,CCIS87252800ST.4.0
train_4269,CCIS87290971ST.4.0
train_4270,CCIS87605453ST.4.0
train_4271,CCIS88317640ST.4.0
train_4272,CCIS90164298ST.4.0
train_4273,CCIS90166425ST.4.0
train_4274,CCIS90443472ST.4.0
train_4275,CCIS90903952ST.3.0
train_4276,CCIS91228662ST.4.0
train_4277,CCIS93040568ST.20.0
train_4278,CCIS94417875ST.3.0
train_4279,CCIS94496512ST.4.0
train_4280,CCIS94603952ST.4.0
train_4281,CCIS95097901ST.4.0
train_4282,CCIS95409808ST.4.0
train_4283,CCIS96387239ST.4.0
train_4284,CCIS98482370ST.3.0
train_4285,CCIS98512455ST.4.0
train_4286,CCIS98832363ST.4.0
train_4287,wHAXPI032582.19
train_4288,wHAXPI032585.23
train_4289,wHAXPI032588.27
train_4290,wHAXPI032591.31
train_4291,wHAXPI032593.34
train_4292,wHAXPI032595.39
train_4293,wHAXPI032596.40
train_4294,wHAXPI032597.41
train_4295,wHAXPI032598.42
train_4296,wHAXPI032599.45
train_4297,wHAXPI032601.50
train_4298,wHAXPI032607.89
train_4299,wHAXPI032608.111
train_4300,wHAXPI032609.18
train_4301,wHAXPI032610.19
train_4302,wHAXPI032611.21
train_4303,wHAXPI032612.22
train_4304,wHAXPI032613.23
train_4305,wHAXPI032614.24
train_4306,wHAXPI032616.26
train_4307,wHAXPI032617.27
train_4308,wHAXPI032618.28
train_4309,wHAXPI032620.32
train_4310,wHAXPI032621.34
train_4311,wHAXPI032622.36
train_4312,wHAXPI032659.39
train_4313,wHAXPI032660.40
train_4314,wHAXPI032661.41
train_4315,wHAXPI032662.42
train_4316,wHAXPI032663.45
train_4317,wHAXPI032696.31
train_4318,wHAXPI032780.47
train_4319,wHAXPI032781.50
train_4320,wHAXPI032782.54
train_4321,wHAXPI032783.63
train_4322,wHAXPI032784.74
train_4323,wHAXPI032785.75
train_4324,wHAXPI032786.80
train_4325,wHAXPI032787.89
train_4326,wHAXPI032788.111
train_4327,wHAXPI032789.18
train_4328,wHAXPI032790.19
train_4329,wHAXPI032791.21
train_4330,wHAXPI032792.22
train_4331,wHAXPI032793.23
train_4332,wHAXPI032794.24
train_4333,wHAXPI032795.25
train_4334,wHAXPI032796.26
train_4335,wHAXPI032797.27
train_4336,wHAXPI032798.28
train_4337,wHAXPI032800.31
train_4338,wHAXPI032801.32
train_4339,wHAXPI032802.34
train_4340,wHAXPI032803.36
train_4341,wHAXPI032808.45
train_4342,wHAXPI032810.50
train_4343,wHAXPI032812.63
train_4344,wHAXPI032813.74
train_4345,wHAXPI032815.80
train_4346,wHAXPI033594.31
train_4347,wHAXPI033606.30
train_4348,wHAXPI033632.52
train_4349,wHAXPI033633.76
train_4350,wHAXPI033635.78
train_4351,wHAXPI033636.79
train_4352,wHAXPI033788.13
train_4353,wHAXPI033789.15
train_4354,wHAXPI033796.23
train_4355,wHAXPI033810.24
train_4356,wHAXPI033812.26
train_4357,wHAXPI033813.27
train_4358,wHAXPI033814.28
train_4359,wHAXPI033817.31
train_4360,wHAXPI033819.34
train_4361,wHAXPI033820.35
train_4362,wHAXPI033821.36
train_4363,wHAXPI033822.39
train_4364,wHAXPI033823.40
train_4365,wHAXPI033826.45
train_4366,wHAXPI033830.58
train_4367,wHAXPI033833.63
train_4368,wHAXPI034448.37
train_4369,wHAXPI034449.39
train_4370,wHAXPI034450.40
train_4371,wHAXPI034451.47
train_4372,wHAXPI034452.50
train_4373,wHAXPI034453.52
train_4374,wHAXPI034454.53
train_4375,wHAXPI034455.54
train_4376,wHAXPI034458.59
train_4377,wHAXPI034459.60
train_4378,wHAXPI034460.61
train_4379,wHAXPI034461.62
train_4380,wHAXPI034462.63
train_4381,wHAXPI034463.68
train_4382,wHAXPI034464.70
train_4383,wHAXPI034467.73
train_4384,wHAXPI034468.74
train_4385,wHAXPI034918.16
train_4386,wHAXPI034919.17
train_4387,wHAXPI034920.8
train_4388,wHAXPI034921.9
train_4389,wHAXPI034922.11
train_4390,wHAXPI034923.12
train_4391,wHAXPI034925.14
train_4392,wHAXPI034926.15
train_4393,wHAXPI043592.8
train_4394,wHAXPI043593.9
train_4395,wHAXPI043594.11
train_4396,wHAXPI047830.11
train_4397,wHAXPI048670.90
